SIRUTA,F1,F2,F3
1017,0.778,3.037,0.012
1071,0.016,-0.438,-0.639
1151,0.010,1.433,-0.616
1213,-0.370,-1.061,-0.152
1348,0.185,0.059,-2.252
1455,-0.071,0.194,-0.833
1696,0.142,0.785,-0.858
1794,-0.106,-0.291,0.443
1874,0.203,1.945,-3.005
1936,0.006,0.140,-0.943
2130,-0.050,-0.154,-0.001
2309,0.030,0.423,-0.327
2381,-0.091,-0.264,0.268
2577,-0.046,-0.050,-0.094
2915,0.122,0.937,-0.500
2988,-0.050,-0.133,-0.135
3039,-0.053,0.838,-0.572
3397,-0.061,-0.193,0.002
3459,-0.052,-0.116,-0.052
3761,-0.060,-0.190,0.003
3805,-0.028,0.111,-0.152
3841,-0.059,-0.194,-0.040
3958,-0.060,-0.190,-0.076
4008,-0.047,-0.120,-0.030
4106,-0.039,-0.117,-0.137
4142,-0.037,-0.044,-0.031
4188,-0.051,-0.142,-0.004
4240,-0.038,-0.000,0.091
4268,-0.058,-0.166,0.022
4302,-0.062,-0.185,-0.097
4366,-0.281,-0.832,-0.038
4482,-0.064,-0.156,-0.005
4525,-0.019,0.040,-0.144
4703,-0.064,-0.186,-0.007
4767,-0.055,-0.152,-0.014
4927,-0.166,-0.595,-0.099
4981,-0.060,-0.181,-0.012
5103,-0.097,-0.159,0.257
5167,-0.078,-0.292,0.054
5210,-0.087,-0.186,0.102
5309,-0.069,-0.290,0.116
5336,-0.046,-0.132,0.010
5577,-0.052,-0.166,-0.176
5700,-0.064,-0.172,-0.022
5755,-0.065,-0.204,-0.026
5826,-0.060,-0.186,0.010
6048,-0.059,-0.040,-0.188
6119,-0.014,-0.130,-0.180
6164,-0.060,-0.168,-0.037
6217,-0.035,-0.021,-0.104
6271,-0.062,-0.178,0.036
6397,-0.061,-0.194,0.004
6468,-0.033,-0.014,-0.059
6547,-0.065,-0.188,0.039
6592,-0.075,-0.223,-0.113
6627,-0.062,-0.201,0.008
6761,0.046,0.117,0.234
6930,-0.060,-0.152,-0.023
6976,-0.049,-0.154,-0.059
7044,-0.060,-0.160,0.037
7099,-0.066,-0.227,-0.053
7197,-0.060,-0.177,0.039
7348,-0.060,-0.177,-0.053
7384,-0.071,-0.619,-0.351
7446,-0.064,-0.166,-0.030
7767,-0.063,-0.124,-0.116
7810,-0.053,-0.122,0.037
7865,-0.053,-0.063,0.084
7945,-0.065,-0.187,0.014
8014,-0.021,0.069,-0.149
8096,-0.047,0.130,0.375
8158,-0.053,-0.118,0.013
8229,-0.059,-0.171,-0.008
8354,-0.061,-0.270,0.186
8425,-0.059,-0.185,-0.022
8826,-0.005,0.105,-0.302
9019,-0.040,-0.166,-0.054
9026,-0.060,-0.173,-0.046
9262,2.644,14.848,-6.553
9280,-0.055,-0.301,-0.166
9333,0.014,0.329,0.325
9360,-0.025,0.013,0.091
9397,0.246,0.957,-1.202
9459,0.092,0.234,-0.599
9495,-0.078,0.734,0.643
9538,-0.082,0.319,0.087
9574,-0.000,-0.537,1.246
9627,0.050,0.113,-1.460
9654,-0.095,-0.113,-0.061
9690,0.006,-0.042,-0.027
9743,-0.019,-0.009,-0.185
9798,-0.067,-0.162,-0.005
9832,-0.057,-0.169,-0.013
9887,-0.052,-0.137,0.092
9930,0.012,0.239,-0.382
10006,-0.049,-0.127,-0.077
10051,-0.057,-0.158,0.024
10104,0.001,0.213,-0.294
10195,-0.051,-0.141,-0.204
10239,-0.068,-0.208,-0.041
10293,-0.048,-0.064,-0.012
10346,-0.068,-0.189,0.051
10373,-0.061,-0.052,-0.120
10417,-0.047,-0.134,-0.282
10453,-0.070,-0.200,-0.129
10514,-0.044,-0.142,-0.005
10532,-0.045,-0.080,-0.074
10649,-0.063,-0.154,-0.048
10701,-0.060,-0.192,-0.059
10765,-0.069,-0.193,-0.051
10827,-0.001,0.435,0.443
10872,-0.107,-0.111,0.369
10916,-0.058,-0.162,-0.023
10943,0.027,0.370,-0.559
11058,-0.031,-0.006,-0.219
11174,-0.040,-0.096,-0.104
11236,-0.050,-0.116,0.014
11307,-0.061,-0.191,-0.001
11352,-0.096,-0.249,0.101
11398,-0.051,-0.123,0.027
11423,-0.061,-0.186,-0.005
11478,-0.073,-0.233,0.097
11502,-0.066,-0.184,-0.048
11539,-0.056,-0.068,-0.170
11584,-0.166,0.545,-1.492
11637,-0.082,-0.287,0.090
11664,-0.056,-0.192,0.035
11735,-0.043,-0.375,-0.105
11762,-0.060,-0.188,-0.002
11842,0.050,0.147,-0.597
11940,-0.028,-0.115,-0.592
11995,-0.062,-0.139,0.300
12037,-0.059,-0.128,-0.251
12055,-0.064,-0.163,-0.029
12091,0.060,0.752,0.379
12126,-0.020,-0.118,-0.385
12144,-0.198,-0.833,1.941
12206,-0.055,-0.077,0.019
12224,-0.061,-0.203,-0.093
12242,-0.142,-0.227,0.305
12288,-0.037,-0.080,0.158
12340,-0.087,-0.315,0.005
12368,-0.025,0.144,-0.054
12402,-0.060,-0.173,-0.025
12457,-0.055,-0.195,-0.105
12509,-0.030,0.002,-0.088
12572,-0.038,-0.164,-0.137
12643,-0.052,0.003,-0.029
12689,-0.031,0.021,-0.211
12778,-0.036,-0.129,-0.185
12812,-0.058,-0.181,0.001
12849,-0.057,-0.173,-0.029
12876,-0.005,-0.301,0.038
12912,-0.056,-0.118,-0.093
12920,-0.055,-0.145,0.211
12938,-0.041,-0.102,-0.224
13169,2.464,8.833,-2.275
13187,0.492,3.611,-2.415
13276,-0.147,-1.665,-1.816
13301,0.236,2.770,-1.111
13365,-0.016,1.685,0.405
13392,0.288,2.467,-1.325
13490,0.248,1.352,-1.243
13524,-0.037,-0.114,0.251
13622,0.213,1.366,-0.878
13668,0.008,0.020,-1.112
13757,-0.254,-0.479,-0.482
13819,-0.019,0.039,-0.074
13891,-0.063,-0.198,0.054
13935,0.018,1.058,-0.241
13999,-0.063,-0.211,0.107
14049,-0.072,-0.294,0.043
14085,-0.081,-0.261,0.139
14165,-0.072,-0.898,1.197
14272,-0.093,-0.242,0.094
14352,-0.067,-0.180,0.026
14405,-0.024,-0.077,-0.136
14450,-0.078,-0.259,0.142
14584,-0.047,-0.184,-0.451
14673,-0.068,-0.244,-0.016
14726,-0.060,-0.204,-0.011
14753,-0.054,-0.180,-0.043
14851,0.136,0.136,-0.547
14922,-0.056,-0.221,-0.271
14940,-0.041,-0.036,0.094
15064,-0.054,-0.146,-0.007
15108,0.360,0.525,-0.935
15233,-0.087,-0.215,0.234
15313,-0.038,-0.077,0.275
15402,-0.080,-0.184,-0.081
15448,-0.022,0.041,-0.160
15493,-0.061,-0.146,-0.075
15554,-0.090,-0.348,0.114
15652,-0.162,-0.653,-0.333
15741,-0.128,-0.583,0.042
15830,-0.080,0.017,-0.019
15901,-0.014,0.099,-0.010
15983,-0.001,-0.119,-0.361
16132,-0.055,-0.115,-0.117
16285,-0.069,-0.210,0.014
16329,-0.040,-0.090,-0.050
16365,-0.040,-0.182,-0.209
16427,-0.082,-0.350,0.042
16454,-0.077,-0.116,-0.247
16472,-0.021,0.105,-0.032
16506,0.028,0.033,0.555
16551,-0.046,-0.191,-0.080
16613,-0.058,-0.158,-0.003
16659,-0.055,-0.128,-0.016
16739,-0.066,-0.208,0.037
16757,-0.086,-0.122,0.029
16908,-0.057,0.071,0.473
16944,-0.054,-0.168,-0.185
17049,-0.042,-0.091,0.006
17101,-0.016,0.012,0.142
17209,-0.088,-0.295,0.251
17254,-0.046,0.024,0.048
17334,-0.037,-0.142,0.036
17398,-0.062,-0.190,0.008
17423,-0.085,-0.333,-0.040
17496,0.144,-0.292,-0.898
17575,-0.061,-0.184,0.011
17619,-0.040,0.043,-0.195
17726,-0.068,-0.185,-0.026
17771,0.338,0.780,0.720
17824,-0.073,-0.127,0.417
17851,-0.031,0.351,0.666
17913,-0.118,-0.464,-0.111
17968,-0.057,-0.161,0.026
18028,-0.079,-0.112,0.050
18162,-0.059,-0.165,0.006
18242,-0.062,-0.102,-0.054
18331,-0.085,-0.267,0.116
18411,-0.062,-0.203,-0.120
18475,-0.069,-0.289,0.081
18527,0.043,0.365,0.049
18554,-0.012,0.139,-0.201
18581,-0.059,-0.134,0.208
18670,0.035,0.279,-0.302
18741,-0.046,-0.202,-0.588
18778,0.028,0.276,1.391
18858,-0.071,-0.065,-0.257
18938,-0.059,-0.158,0.022
19007,-0.052,-0.196,-0.330
19114,-0.070,-0.221,-0.013
19141,-0.040,-0.203,0.171
19212,-0.060,-0.183,-0.061
19249,-0.077,-0.249,-0.038
19338,-0.066,-0.054,0.261
19392,-0.047,-0.094,0.116
19560,-0.062,-0.180,-0.007
19631,-0.052,-0.647,-0.047
19695,-0.037,-0.197,-0.093
19793,-0.064,-0.175,-0.127
19999,-0.063,-0.124,-0.096
20048,-0.055,-0.201,-0.126
20055,-0.041,-0.078,0.198
20063,-0.058,-0.179,0.014
20297,1.999,9.164,2.445
20313,0.136,1.264,1.509
20359,0.046,0.017,-0.300
20411,0.046,0.026,-0.359
20466,0.023,-0.108,0.523
20563,0.324,0.451,0.770
20607,-0.051,-0.147,0.017
20670,-0.046,-0.122,-0.106
20778,-0.075,0.426,0.241
20821,0.047,-0.697,-2.427
20876,0.348,1.373,-1.067
20910,-0.035,-0.296,0.248
20965,-0.043,0.032,-0.824
21007,-0.014,0.165,-0.054
21098,-0.057,-0.230,0.060
21123,-0.001,0.249,-0.292
21196,-0.053,-0.145,-0.030
21249,-0.065,-0.201,-0.016
21338,-0.052,-0.141,-0.038
21418,-0.043,-0.105,0.121
21454,-0.060,-0.070,-0.018
21506,-0.155,-0.107,-0.091
21560,-0.131,-0.426,0.141
21597,-0.046,-0.172,-0.104
21668,-0.203,-1.005,1.900
21720,-0.011,0.274,0.130
21757,-0.029,-0.021,-0.148
21855,-0.032,0.012,-0.004
21891,-0.059,-0.183,0.029
21971,-0.060,-0.185,0.002
22059,-0.060,-0.194,0.008
22111,-0.063,-0.174,-0.022
22166,-0.080,-0.305,-0.149
22237,-0.097,-0.203,0.192
22380,-0.078,-0.298,-0.035
22460,-0.019,0.040,-0.032
22488,-0.060,-0.181,0.002
22576,-0.159,-0.727,0.210
22665,-0.061,-0.192,0.001
22718,-0.028,0.093,-0.113
22781,-0.009,0.090,0.133
22834,-0.062,-0.198,-0.098
22898,-0.073,-0.171,-0.064
22941,-0.051,-0.124,-0.135
23047,-0.063,-0.187,0.011
23127,-0.061,-0.192,-0.014
23207,-0.055,-0.147,0.002
23289,-0.063,-0.152,0.004
23350,-0.055,-0.135,0.018
23387,-0.056,-0.136,0.025
23449,-0.056,-0.163,-0.112
23494,-0.046,-0.116,-0.189
23644,-0.057,-0.163,-0.081
23715,-0.195,-1.064,1.397
23797,-0.008,0.248,0.007
23868,-0.060,-0.187,-0.008
23948,-0.050,-0.101,-0.112
23975,-0.059,-0.176,-0.038
24034,-0.074,-0.302,0.263
24089,-0.063,-0.210,0.142
24187,-0.097,-0.666,0.067
24276,-0.062,-0.171,-0.058
24338,-0.055,-0.157,-0.070
24427,-0.062,-0.186,-0.005
24524,-0.031,0.179,0.156
24631,-0.045,0.033,0.214
24711,-0.050,-0.172,-0.024
24766,-0.128,-0.392,0.455
24837,-0.060,-0.179,-0.013
24999,-0.061,-0.192,-0.001
25068,-0.012,0.020,-0.383
25148,-0.083,-0.482,0.049
25228,-0.013,0.015,-0.233
25291,-0.058,-0.177,-0.014
25362,-0.057,-0.086,-0.288
25488,-0.059,-0.175,0.037
25521,-0.059,-0.182,0.000
25629,-0.062,-0.192,-0.004
25692,-0.037,-0.080,-0.036
25745,-0.062,-0.191,-0.008
25825,-0.219,-0.098,0.327
25861,-0.053,-0.111,0.010
25932,-0.061,-0.190,-0.011
26029,-0.063,-0.216,-0.024
26083,-0.067,-0.322,0.309
26118,-0.063,-0.197,0.005
26289,-0.038,-0.104,-0.179
26320,-0.053,-0.194,0.088
26338,0.067,1.130,-0.146
26346,-0.052,-0.399,-0.100
26353,-0.059,-0.183,-0.001
26361,-0.062,-0.183,-0.013
26379,-0.059,-0.157,0.080
26564,3.869,18.124,-13.312
26582,0.103,1.379,-1.835
26653,0.146,2.391,1.927
26699,-0.076,-1.726,-0.133
26742,-0.082,-0.124,0.375
26804,0.055,0.463,0.263
26840,0.008,1.507,-1.087
26877,-0.166,0.941,0.469
26920,-0.080,-0.411,0.469
26975,-0.062,-0.660,0.956
27007,-0.051,-0.050,-0.224
27070,-0.061,-0.222,0.045
27169,-0.049,-0.145,0.286
27212,-0.042,0.031,0.210
27285,-0.065,-0.120,0.065
27329,-0.062,-0.183,-0.035
27383,-0.065,-0.206,-0.108
27436,0.003,0.541,1.073
27506,-0.063,-0.185,-0.027
27560,-0.046,-0.125,-0.262
27631,-0.332,-3.387,4.495
27686,-0.027,0.010,-0.283
27757,-0.032,0.007,0.100
27846,-0.035,0.041,0.195
27908,-0.055,-0.161,0.033
27935,-0.008,0.066,-0.093
27971,-0.021,0.045,0.050
28077,-0.050,-0.143,0.005
28139,-0.066,-0.214,-0.068
28193,-0.062,-0.210,-0.004
28246,-0.039,-0.058,-0.261
28335,-0.048,-0.028,-0.596
28415,-0.061,-0.175,0.010
28497,-0.061,-0.181,-0.011
28530,-0.080,0.279,-0.321
28610,-0.046,-0.107,0.068
28665,-0.047,-0.183,-0.168
28709,-0.044,-0.079,-0.069
28763,-0.065,-0.193,-0.068
28816,-0.070,-0.280,0.104
28889,-0.064,-0.201,-0.015
28941,-0.030,-0.043,-0.325
29001,-0.062,-0.240,-0.031
29038,-0.047,-0.122,-0.106
29092,-0.036,0.019,-0.276
29154,0.007,0.186,0.004
29243,-0.084,-0.124,0.280
29341,-0.084,-0.214,-0.006
29403,0.010,0.186,0.041
29467,-0.041,0.023,0.038
29519,0.006,0.167,-0.322
29573,-0.064,-0.314,0.035
29662,-0.068,-0.198,0.050
29724,-0.057,-0.118,-0.055
29760,-0.062,-0.185,-0.027
29813,-0.012,0.081,-0.482
29902,-0.050,-0.273,0.100
29948,-0.067,-0.053,0.008
30014,-0.062,0.187,-0.046
30069,-0.018,0.082,0.122
30149,-0.037,0.531,-0.210
30229,-0.061,-0.191,0.002
30274,-0.071,-0.168,0.239
30336,-0.032,0.005,0.001
30416,-0.054,-0.134,-0.000
30470,-0.043,-0.054,-0.071
30568,0.110,0.596,-0.548
30648,-0.075,-0.275,0.085
30719,-0.037,-0.055,0.038
30773,-0.064,0.054,0.127
30844,-0.059,0.062,-0.238
30871,-0.096,-0.577,0.315
30915,0.010,0.419,1.222
30988,-0.062,-0.143,-0.060
31011,0.010,0.271,-0.008
31057,-0.060,-0.214,0.085
31128,-0.058,-0.140,-0.051
31208,-0.063,-0.192,-0.013
31262,-0.089,-0.190,0.865
31333,-0.061,-0.175,0.019
31379,-0.064,-0.196,-0.043
31422,-0.074,-0.179,0.129
31510,-0.036,-0.131,-0.231
31565,-0.072,-0.200,0.037
31609,-0.013,0.052,0.054
31654,-0.052,-0.076,-0.132
31716,-0.031,0.101,-1.252
31789,-0.059,-0.007,-0.061
31841,-0.061,-0.317,0.050
31878,-0.076,-0.183,-0.004
31921,-0.058,0.122,-0.216
31976,-0.093,-0.013,-0.107
32027,0.070,0.550,-3.855
32045,-0.062,-0.193,0.009
32090,-0.037,-0.039,-0.151
32153,-0.057,0.023,-0.084
32161,-0.727,-4.681,-0.742
32179,0.017,0.171,0.221
32187,-0.035,-0.081,-0.331
32195,-0.060,-0.220,0.188
32201,-0.051,-0.141,-0.063
32394,1.408,5.217,0.822
32483,-0.051,-0.372,-0.652
32544,-0.001,0.684,0.620
32599,0.115,0.857,-0.684
32633,-0.027,-0.047,0.100
32660,-0.100,-0.452,-0.323
32704,-0.133,-0.428,-0.068
32768,-0.060,-0.188,0.003
32811,-0.088,-0.158,-0.038
32884,-0.080,-0.298,-0.069
32955,-0.026,-0.095,-0.019
33015,-0.050,-0.124,0.001
33122,0.060,0.073,-0.286
33177,-0.027,0.019,0.258
33202,-0.032,-0.031,0.339
33248,-0.046,0.088,0.249
33275,-0.105,-0.590,0.439
33337,-0.043,-0.081,-0.063
33364,-0.047,-0.005,-0.081
33382,-0.049,-0.001,0.120
33435,-0.033,0.159,0.014
33514,-0.038,-0.043,-0.231
33541,-0.044,0.068,-0.357
33603,-0.028,-0.045,-0.079
33621,0.266,2.179,-1.849
33658,-0.059,-0.178,-0.004
33729,-0.072,-0.466,0.318
33765,-0.061,-0.165,-0.027
33845,-0.061,-0.192,-0.004
33881,-0.059,-0.176,-0.056
33952,-0.082,-0.204,0.102
33989,-0.041,-0.038,0.034
34075,-0.044,-0.363,-0.516
34155,-0.062,-0.155,-0.044
34173,-0.088,-0.047,0.122
34235,-0.036,-0.042,0.016
34262,-0.028,0.018,0.229
34280,-0.062,-0.057,0.952
34333,0.039,0.469,-0.183
34360,0.009,0.295,-0.266
34397,-0.041,-0.041,0.275
34422,-0.059,-0.188,-0.003
34477,-0.063,-0.189,-0.002
34547,-0.066,-0.104,-0.022
34618,0.205,1.521,-0.993
34645,-0.057,-0.137,-0.050
34690,-0.076,0.488,1.317
34770,-0.049,-0.159,-0.064
34850,-0.058,-0.167,0.005
34903,-0.034,-0.266,-0.170
34985,-0.056,-0.182,0.101
35054,0.015,0.307,-0.494
35090,-0.029,0.345,-0.414
35152,-0.060,-0.135,-0.135
35269,-0.091,-0.115,-0.097
35312,-0.061,-0.193,-0.003
35429,-0.060,-0.176,0.024
35731,0.829,2.739,6.343
35759,-0.132,0.324,0.935
35839,-0.138,-0.165,0.126
35884,-0.007,0.069,0.017
35946,-0.026,-0.015,0.632
36006,0.032,0.886,0.687
36060,-0.073,-0.112,-0.014
36131,-0.055,-0.130,-0.060
36202,-0.061,-0.155,0.055
36300,-0.065,-0.193,-0.003
36373,-0.063,-0.191,-0.003
36426,-0.038,-0.090,-0.100
36453,-0.063,-0.178,-0.012
36499,-0.057,-0.187,-0.022
36532,-0.063,-0.198,0.019
36569,-0.047,-0.157,-0.039
36649,-0.059,-0.188,-0.021
36676,-0.053,-0.137,-0.099
36756,-0.114,-0.979,0.807
36809,-0.094,-0.311,0.134
36907,-0.056,-0.147,0.046
36952,-0.067,-0.191,-0.005
37011,-0.059,-0.179,-0.016
37057,-0.059,-0.189,0.002
37100,-0.057,-0.184,0.012
37173,-0.054,-0.159,-0.084
37217,-0.063,-0.196,-0.003
37280,-0.033,-0.058,0.305
37324,-0.065,-0.333,-0.136
37397,-0.057,-0.189,-0.024
37459,-0.058,-0.170,0.032
37547,-0.059,-0.281,-0.154
37618,-0.063,-0.187,0.013
37672,-0.012,0.018,-0.064
37734,-0.062,-0.186,0.004
37770,-0.051,-0.128,-0.138
37823,-0.062,-0.195,-0.012
37850,-0.061,-0.185,-0.011
37912,-0.055,-0.128,-0.029
37958,-0.066,-0.186,0.010
38063,0.066,0.588,0.174
38161,-0.061,-0.169,0.007
38241,-0.061,-0.188,-0.009
38321,-0.061,-0.184,-0.004
38376,-0.061,-0.190,-0.017
38456,-0.060,-0.186,0.001
38492,-0.057,-0.186,-0.045
38544,-0.050,-0.205,-0.073
38580,-0.055,-0.178,-0.026
38633,-0.063,-0.196,0.002
38679,-0.061,-0.199,-0.051
38731,-0.063,-0.205,-0.009
38811,-0.004,0.196,-0.101
38848,-0.065,-0.205,-0.008
38893,-0.061,-0.188,0.005
38982,-0.053,-0.346,-0.060
39051,-0.043,-0.093,0.012
39122,-0.060,-0.179,0.022
39168,-0.064,-0.218,0.014
39220,-0.055,-0.166,0.048
39266,-0.059,-0.166,-0.025
39328,-0.057,-0.133,-0.075
39391,-0.042,-0.106,0.142
39417,-0.061,-0.174,-0.031
39532,-0.061,-0.192,-0.003
39612,-0.061,-0.185,-0.003
39658,-0.056,-0.182,-0.023
39694,-0.060,-0.155,0.003
39738,-0.062,-0.294,-0.077
39792,-0.081,-0.296,-0.038
39836,-0.050,-0.119,0.163
39872,-0.062,-0.202,-0.001
39942,-0.061,-0.156,-0.042
39967,-0.061,-0.187,0.012
39975,-0.084,-0.320,-0.136
39983,-0.058,-0.168,-0.023
40035,-0.060,-0.184,0.001
40198,3.910,11.923,-2.124
40214,0.178,-0.295,0.475
40241,0.333,2.807,-1.503
40278,0.114,0.628,0.423
40303,-0.051,-0.070,0.429
40367,-0.124,-0.792,-0.665
40394,0.031,0.052,-1.239
40438,0.134,0.930,-0.240
40465,-0.055,-0.851,-0.968
40492,0.133,3.070,-2.467
40526,-0.053,-0.131,-0.030
40544,-0.040,-0.071,0.034
40606,-0.027,0.034,-0.727
40633,-0.127,-0.565,0.266
40688,-0.237,-0.647,0.528
40704,-0.061,-0.182,-0.003
40768,-0.041,-0.048,0.199
40820,-0.046,-0.142,-0.097
40857,-0.048,-0.154,-0.106
40900,0.253,2.532,-0.717
40928,-0.049,-0.087,-0.054
40955,-0.119,-0.895,0.298
40991,-0.066,-0.195,0.115
41033,0.174,0.802,-3.577
41088,0.209,0.453,-1.742
41113,-0.021,-0.125,-0.663
41177,-0.063,-0.053,-0.042
41248,-0.053,-0.065,0.194
41284,-0.057,-0.174,0.008
41346,-0.055,-0.169,-0.032
41382,-0.043,-0.073,-0.058
41417,-0.109,-0.473,-0.228
41471,-0.250,-0.877,0.015
41541,-0.062,-0.164,0.070
41578,-0.056,-0.167,-0.000
41621,-0.089,-0.363,-0.071
41667,0.276,1.776,2.869
41701,-0.079,-0.281,0.156
41738,-0.049,-0.131,-0.172
41818,-0.041,0.414,-0.337
41854,-0.044,-0.083,-0.015
41925,0.017,0.390,-1.217
41943,-0.054,-0.238,0.106
42003,0.076,0.662,0.072
42058,-0.045,-0.117,-0.152
42076,-0.046,-0.184,-0.043
42101,-0.071,-0.433,0.034
42156,-0.061,-0.190,-0.007
42183,0.023,0.219,-0.471
42236,-0.042,-0.084,-0.014
42307,-0.051,-0.189,0.018
42398,-0.029,0.066,-0.068
42449,-0.056,-0.166,-0.011
42456,-0.072,-0.181,0.021
42464,-0.043,0.088,0.063
42472,-0.061,-0.191,-0.004
42480,-0.080,-0.024,-0.134
42498,-0.061,-0.193,-0.003
42682,1.328,4.078,11.679
42708,-0.071,-0.063,-0.222
42753,-0.065,-0.248,0.246
42771,-0.066,-0.193,0.021
42824,-0.064,-0.187,-0.002
42842,-0.060,-0.203,0.003
42913,-0.067,-0.192,0.025
42968,-0.061,-0.184,0.033
43019,-0.051,-0.127,-0.001
43073,-0.065,-0.157,-0.046
43117,-0.061,-0.195,-0.031
43180,-0.046,-0.112,-0.022
43242,-0.058,-0.140,0.058
43279,-0.052,-0.162,-0.043
43313,-0.063,-0.140,-0.063
43331,-0.094,-0.541,-0.051
43411,-0.048,-0.051,-0.171
43466,-0.065,-0.193,-0.016
43493,-0.059,-0.183,0.006
43563,-0.091,-0.123,-0.446
43625,-0.067,-0.222,0.082
43652,-0.066,-0.225,-0.003
43698,-0.061,-0.193,0.000
43732,-0.066,-0.199,0.012
43787,-0.067,-0.181,-0.001
43812,-0.065,-0.203,0.023
43867,-0.067,-0.194,-0.008
43929,-0.057,-0.130,-0.066
43992,-0.056,0.112,1.085
44060,-0.059,-0.168,0.006
44113,-0.061,-0.189,-0.023
44140,-0.035,-0.166,-0.088
44177,-0.045,-0.073,0.023
44202,-0.062,-0.048,-0.028
44257,-0.083,-0.256,0.262
44300,0.117,1.913,-0.064
44328,-0.042,-0.133,-0.083
44355,-0.065,-0.210,-0.012
44391,-0.058,-0.073,-0.239
44435,-0.057,-0.171,-0.087
44462,-0.061,-0.192,0.000
44505,-0.087,-0.340,0.136
44532,-0.058,-0.152,-0.113
44560,0.089,0.580,0.939
44818,2.000,11.167,-2.491
44845,-0.094,-0.013,0.225
44863,-0.075,-0.198,0.064
44934,-0.069,-0.217,0.034
44989,-0.064,-0.195,0.004
45003,-0.005,0.040,0.153
45101,-0.118,-0.249,0.376
45245,-0.059,-0.178,-0.003
45334,-0.062,-0.192,0.001
45361,-0.064,-0.163,-0.043
45389,-0.045,-0.073,0.103
45496,-0.074,-0.320,-0.085
45539,-0.058,-0.149,-0.030
45619,-0.054,-0.108,-0.123
45673,-0.063,-0.356,0.258
45753,-0.059,-0.140,-0.037
45815,-0.089,-0.288,0.251
45888,-0.061,-0.194,-0.003
45959,-0.057,-0.179,-0.025
46019,-0.061,-0.327,-1.915
46108,-0.062,-0.211,0.022
46180,-0.051,-0.133,-0.101
46251,-0.065,-0.195,0.001
46313,-0.048,0.031,-0.125
46377,-0.061,-0.169,-0.030
46439,-0.060,-0.190,-0.007
46484,-0.039,0.130,0.003
46554,-0.063,-0.191,0.001
46769,-0.064,-0.381,0.311
46803,-0.050,-0.154,0.011
46830,-0.056,-0.174,0.006
46867,-0.070,-0.203,-0.121
46910,-0.069,-0.188,-0.009
47006,-0.071,-0.197,-0.077
47079,-0.022,0.006,-0.327
47159,-0.067,-0.211,-0.074
47186,-0.034,0.068,-0.105
47300,-0.058,-0.181,-0.014
47337,-0.046,-0.260,-0.038
47373,0.123,1.054,-0.113
47417,-0.061,-0.189,0.000
47453,0.208,0.872,0.568
47578,-0.062,-0.145,-0.016
47630,-0.080,-0.235,0.155
47774,-0.035,-0.028,0.005
47818,-0.061,-0.194,-0.002
47854,-0.078,-0.275,0.078
47916,-0.054,-0.115,-0.269
48021,-0.061,-0.194,-0.005
48138,-0.039,-0.057,-0.007
48165,-0.061,-0.194,0.002
48227,-0.061,-0.239,0.010
48325,-0.091,-0.294,0.583
48487,-0.092,-1.538,0.056
48557,-0.047,-0.025,-0.113
48682,-0.050,-0.165,-0.032
48744,0.016,0.109,-0.070
48771,-0.019,0.072,0.147
48842,-0.054,-0.152,-0.013
48922,-0.061,-0.191,-0.005
48968,-0.068,-0.155,0.156
49019,-0.063,-0.192,0.017
49046,-0.056,-0.167,0.030
49073,-0.054,-0.154,-0.017
49153,-0.058,-0.132,-0.084
49206,-0.083,-0.248,-0.176
49233,-0.061,-0.193,-0.003
49313,-0.057,-0.181,0.002
49439,-0.063,-0.199,-0.016
49484,-0.038,-0.041,0.039
49545,-0.049,-0.120,-0.149
49625,-0.069,-0.328,0.542
49643,-0.071,-0.185,-0.022
49769,-0.047,-0.053,0.140
49849,-0.142,-0.571,-0.021
49894,-0.060,-0.240,0.083
49956,0.329,0.372,-1.295
50022,-0.054,-0.132,-0.246
50068,-0.061,-0.198,0.003
50102,-0.066,-0.194,0.019
50228,-0.038,-0.042,-0.006
50326,-0.067,-0.237,-0.167
50399,-0.067,-0.192,-0.016
50415,-0.048,-0.133,0.064
50479,-0.066,-0.178,-0.003
50549,-0.044,-0.141,0.022
50564,-0.068,-0.218,0.023
50790,0.824,2.228,-1.740
50889,-0.147,-0.940,0.181
50923,-0.053,-0.169,-0.119
50969,-0.125,0.108,0.622
50987,-0.056,-0.148,-0.007
51010,0.093,0.877,-0.063
51056,0.129,0.311,-0.236
51118,-0.025,0.131,0.827
51207,-0.077,0.013,0.697
51243,-0.061,-0.236,-0.012
51305,-0.042,-0.064,-0.088
51332,-0.027,0.057,0.000
51387,-0.071,-0.197,0.007
51449,-0.063,-0.178,0.045
51500,-0.053,-0.147,0.108
51546,-0.062,-0.193,0.005
51573,-0.013,-0.037,0.106
51626,-0.055,-0.133,-0.054
51662,-0.059,-0.191,-0.012
51699,0.021,-1.800,0.368
51751,-0.065,-0.150,-0.148
51804,-0.071,-0.152,0.119
51840,-0.056,-0.161,-0.020
51877,-0.064,-0.196,0.003
51948,-0.055,-0.172,0.005
51984,-0.054,-0.202,0.008
52035,-0.061,-0.194,0.000
52062,-0.062,-0.224,-0.064
52115,-0.028,-0.024,0.045
52160,-0.060,-0.184,0.001
52570,-0.042,-0.082,-0.083
52650,-0.020,-0.111,-0.187
52696,-0.067,-0.238,0.078
52721,-0.061,-0.196,-0.001
52758,-0.063,-0.238,-0.037
52785,-0.050,-0.131,-0.063
52856,-0.059,-0.189,-0.026
52909,-0.061,-0.203,0.011
52936,-0.069,-0.203,0.092
52954,-0.040,-0.108,-0.179
52990,-0.056,-0.139,-0.112
53023,-0.060,-0.174,-0.016
53069,-0.067,-0.215,0.046
53103,-0.063,-0.201,-0.037
53130,-0.059,-0.197,0.015
53167,-0.047,-0.164,-0.077
53210,-0.058,-0.416,-0.116
53247,-0.067,-0.192,-0.020
53274,-0.050,-0.141,-0.352
53327,-0.060,-0.190,0.002
53345,-0.061,-0.196,0.003
53372,-0.076,-0.380,0.325
53425,-0.024,-0.002,0.008
53489,-0.063,-0.224,-0.012
53513,-0.051,-0.122,0.045
53577,0.012,-0.025,-0.228
53639,-0.060,-0.181,-0.032
53675,-0.070,-0.173,0.025
53700,-0.061,-0.191,0.001
53728,-0.071,-0.119,0.076
53755,-0.061,-0.189,-0.007
53791,-0.031,-0.002,-0.109
53853,-0.055,-0.170,0.027
54056,-0.072,-0.233,0.079
54109,-0.061,-0.189,0.002
54163,-0.056,-0.150,0.014
54270,-0.014,0.057,-0.307
54305,-0.062,-0.193,0.006
54350,-0.062,-0.188,-0.006
54387,-0.061,-0.210,-0.057
54412,-0.045,-0.090,-0.032
54485,-0.062,-0.233,0.059
54500,-0.066,-0.212,-0.024
54537,-0.057,-0.177,0.006
54573,-0.061,-0.194,0.003
54617,0.034,0.558,-0.716
54699,-0.060,-0.181,-0.029
54975,6.542,14.671,-7.804
55008,0.540,2.450,-0.526
55062,0.021,0.226,0.072
55106,-0.054,-0.147,0.032
55160,-0.081,-0.254,-0.026
55259,0.422,0.989,-2.195
55277,-0.083,-0.223,-0.396
55311,-0.066,-0.088,-0.024
55357,-0.046,-0.771,0.202
55384,0.180,0.088,-0.100
55446,0.049,0.537,-0.395
55473,-0.040,0.044,0.116
55598,-0.065,-0.194,0.030
55623,-0.063,-0.197,-0.006
55687,0.197,0.702,2.086
55776,-0.054,-0.135,0.024
55838,0.155,0.126,-1.132
55918,-0.055,-0.153,-0.272
56014,-0.058,-0.158,-0.039
56096,-0.055,-0.165,-0.015
56210,-0.043,0.077,0.596
56265,-0.060,-0.201,0.008
56327,-0.052,-0.174,-0.072
56354,-0.024,-0.089,-0.307
56425,-0.046,-0.160,-0.402
56461,-0.032,-0.126,-0.309
56522,-0.052,-0.148,0.023
56568,-0.261,-0.627,0.446
56666,0.013,0.374,-0.137
56773,-0.039,-0.082,-0.042
56844,-0.065,-0.174,-0.025
56988,0.086,0.413,0.206
57083,-0.050,-0.056,-0.013
57163,-0.087,-0.291,0.234
57225,-0.201,-0.572,-0.082
57314,-0.053,0.026,0.627
57350,-0.017,0.054,0.283
57449,-0.104,-0.430,0.173
57546,-0.059,-0.173,-0.054
57582,0.226,0.544,-0.136
57644,-0.021,-0.071,0.026
57706,-0.929,-9.411,4.817
57742,-0.072,-0.215,0.121
57831,-0.052,-0.164,-0.030
57902,-0.094,0.008,0.529
57948,-0.061,-0.183,0.097
58008,-0.047,-0.054,0.001
58142,0.069,0.484,0.382
58204,-0.048,-0.145,0.086
58259,0.052,0.585,-0.029
58311,-0.092,-0.593,0.174
58357,-0.036,-0.036,-0.024
58393,-0.063,-0.174,0.014
58464,-0.041,-0.035,-0.110
58534,-0.052,-0.150,0.021
58552,-0.028,-0.072,0.210
58623,-0.055,-0.141,-0.174
58721,-0.057,0.178,0.493
58794,-0.059,-0.178,-0.025
58856,-0.032,-0.160,-0.023
58918,-0.059,-0.247,0.013
58990,-0.060,-0.186,0.001
59041,-0.029,-0.030,-0.194
59130,-0.060,-0.179,0.016
59238,0.030,0.016,-0.339
59283,-0.063,-0.228,0.045
59327,0.154,0.714,0.234
59416,0.003,0.322,-0.244
59434,-0.054,0.014,0.035
59498,-0.048,-0.113,0.042
59586,-0.019,0.015,-0.033
59657,-0.061,-0.202,0.017
59693,-0.056,-0.055,0.172
59764,-0.050,0.074,-0.046
59826,-0.067,-0.119,-0.009
59880,-0.057,-0.171,-0.012
59942,-0.052,-0.170,-0.020
60026,-0.046,-0.095,-0.002
60062,-0.006,0.398,0.214
60099,-0.072,-0.216,-0.008
60169,-0.045,-0.215,-0.070
60419,5.024,16.532,34.451
60455,-0.072,-0.187,-0.279
60482,0.088,0.910,3.147
60507,0.382,0.341,0.638
60534,-0.048,-0.269,0.576
60570,-0.620,-2.201,4.278
60598,-0.276,0.033,1.132
60632,0.167,0.966,0.326
60687,0.291,1.426,0.653
60721,-0.092,-1.542,-0.368
60776,0.120,0.462,2.350
60801,0.012,-0.040,-0.338
60847,0.108,0.945,1.500
60883,-0.062,-0.153,0.041
60945,-0.044,-0.143,0.015
61005,-0.058,-0.221,-0.035
61069,0.002,0.261,-0.182
61121,-0.065,-0.207,-0.009
61167,-0.064,-0.192,-0.004
61210,-0.074,-0.182,0.066
61256,-0.058,-0.132,-0.010
61283,-0.086,-0.179,0.179
61318,-0.060,0.204,-0.240
61372,-0.031,0.091,0.023
61452,-0.062,-0.195,0.005
61513,-0.017,0.030,0.175
61559,0.027,0.055,-0.384
61620,-0.022,-0.012,-0.178
61675,-0.065,-0.172,0.027
61737,-0.062,-0.181,-0.002
61808,-0.042,-0.142,-0.053
61826,-0.079,-0.278,0.193
61871,-0.060,-0.154,-0.062
61951,-0.064,-0.204,-0.001
62020,-0.062,-0.132,0.002
62057,-0.052,-0.140,0.034
62137,-0.082,-0.102,0.829
62191,0.094,0.906,1.672
62253,-0.053,-0.080,-0.124
62280,-0.067,-0.073,0.143
62360,-0.048,-0.135,0.019
62397,-0.061,-0.185,-0.200
62440,-0.091,-0.274,0.257
62486,-0.066,-0.195,0.001
62538,-0.071,-0.177,-0.011
62609,-0.068,-0.231,-0.026
62672,-0.052,-0.127,-0.060
62707,-0.094,-0.101,0.221
62761,-0.112,-0.454,-0.066
62798,-0.065,-0.173,-0.101
62823,-0.072,-0.201,0.050
62878,-0.058,-0.154,0.045
62903,-0.064,-0.258,-0.142
62949,-0.062,-0.171,-0.023
62985,-0.057,-0.173,0.008
63045,-0.054,-0.162,0.014
63072,-0.055,-0.116,0.060
63125,-0.028,0.171,0.473
63152,-0.229,-1.573,-0.545
63161,-0.061,-0.197,-0.001
63170,-0.066,-0.197,0.015
63189,-0.048,-0.096,0.034
63198,-0.062,-0.128,0.077
63278,-0.067,-0.214,0.011
63286,0.128,-1.178,-1.382
63294,-0.062,-0.138,-0.016
63300,-0.059,-0.218,-0.177
63318,-0.051,-0.162,-0.212
63326,-0.058,-0.188,-0.023
63334,-0.089,-0.333,0.271
63394,0.470,2.786,-1.809
63447,-0.072,-0.310,0.355
63526,-0.001,0.064,0.285
63553,-0.031,-0.008,-0.130
63580,0.034,0.573,-1.131
63633,-0.042,-0.026,-0.195
63688,0.035,0.541,-0.291
63740,-0.217,0.182,-2.636
63777,-0.018,0.073,-0.337
63802,-0.070,-0.170,-0.033
63866,-0.048,-0.118,0.109
63893,-0.084,-0.604,0.026
63937,-0.052,-0.182,-0.084
64005,-0.064,-0.227,-0.009
64041,-0.019,0.089,-0.200
64096,-0.078,-0.129,0.086
64130,-0.048,-0.098,0.010
64194,-0.060,-0.115,0.047
64238,-0.138,-0.307,0.630
64265,-0.057,-0.143,-0.012
64318,0.017,0.367,-0.444
64345,-0.079,-0.199,0.047
64390,-0.048,-0.044,0.244
64425,-0.026,-0.155,0.037
64461,-0.058,-0.184,0.061
64504,-0.080,-0.499,0.339
64568,0.034,-0.089,-0.283
64602,-0.045,-0.082,-0.171
64639,-0.085,-0.111,-0.166
64719,-0.054,-0.118,-0.074
64773,-0.065,-0.106,-0.035
64826,-0.072,-0.198,0.004
64871,-0.009,0.102,-0.074
64906,-0.044,0.000,-0.047
64942,-0.096,-0.437,0.137
64997,-0.044,-0.069,0.127
65011,-0.007,0.121,-0.302
65048,-0.047,-0.104,0.006
65099,-0.061,-0.193,-0.009
65105,-0.054,-0.173,-0.036
65113,-0.009,0.127,-0.082
65121,-0.053,-0.169,-0.094
65139,-0.053,-0.166,0.001
65147,-0.065,-0.204,0.015
65154,-0.062,-0.211,0.006
65342,1.913,8.405,1.837
65379,0.036,0.381,-0.919
65413,-0.020,-0.230,-0.170
65431,0.176,0.649,0.420
65477,-0.047,-0.218,-0.101
65501,0.122,1.748,0.973
65609,-0.359,-5.607,-12.015
65645,-0.045,-0.115,0.020
65681,-0.009,1.839,0.083
65707,-0.064,-0.181,-0.014
65752,-0.114,-0.194,0.001
65841,0.643,3.304,-2.613
65869,-0.052,-0.071,-0.036
65921,0.001,0.242,-0.528
66009,0.053,0.110,-0.216
66081,-0.092,0.941,1.842
66152,-0.050,-0.143,0.138
66198,-0.062,-0.135,0.128
66223,-0.070,-0.145,0.291
66330,-0.082,-0.167,0.123
66401,-0.063,-0.188,-0.067
66438,-0.061,-0.138,-0.042
66474,-0.060,-0.201,-0.119
66526,-0.054,-0.185,0.007
66580,-0.043,-0.083,-0.063
66697,-0.132,-0.041,0.237
66731,-0.111,-1.077,-2.127
66768,-0.066,-0.160,0.054
66857,-0.073,-0.158,-0.069
66955,-0.126,-0.653,0.087
67014,-0.072,-0.273,0.035
67121,-0.047,-0.129,0.031
67167,-0.060,-0.100,0.039
67256,-0.044,-0.065,-0.144
67292,-0.051,-0.114,-0.003
67327,-0.016,0.124,-0.218
67407,-0.152,-0.544,0.589
67470,-0.043,-0.083,-0.023
67522,-0.064,-0.189,0.088
67595,-0.035,0.004,0.330
67648,-0.067,-0.068,0.080
67675,-0.061,-0.203,0.001
67737,-0.002,0.253,-0.194
67773,-0.054,-0.232,-0.457
67835,-0.059,-0.148,-0.033
67906,-0.055,-0.217,-0.241
67942,-0.057,-0.170,0.073
68002,-0.067,-0.139,-0.124
68048,-0.058,-0.151,0.035
68128,-0.059,-0.156,0.002
68182,0.001,0.161,0.017
68253,-0.063,-0.191,-0.044
68280,-0.073,-0.210,0.107
68324,0.026,0.147,0.255
68342,-0.225,-0.854,-0.459
68404,-0.049,-0.088,0.013
68431,-0.060,-0.165,0.029
68468,-0.063,-0.259,0.007
68529,-0.067,-0.196,-0.047
68565,-0.012,0.089,-0.224
68627,-0.029,0.171,0.166
68716,-0.043,-0.077,0.304
68789,-0.035,-0.091,-0.396
68887,-0.062,-0.201,-0.028
68921,-0.044,-0.148,-0.074
68976,-0.049,-0.216,-0.446
69063,-0.058,-0.160,-0.054
69170,-0.092,-0.345,0.091
69250,0.019,0.052,-1.167
69303,-0.060,-0.182,-0.021
69330,-0.068,-0.161,0.056
69394,-0.049,-0.079,-0.020
69447,-0.021,0.052,-0.227
69526,-0.021,0.024,0.238
69615,-0.032,-0.155,0.071
69900,3.581,10.535,-2.015
69964,0.048,0.309,-0.932
70094,0.051,0.415,-0.069
70110,0.000,0.228,-0.397
70174,-0.223,-0.911,0.058
70316,0.096,0.705,-0.495
70352,0.105,0.072,-0.628
70414,0.016,0.395,-0.097
70502,0.004,0.367,0.433
70520,-0.062,-0.178,-0.019
70566,-0.039,-0.019,-0.039
70637,-0.033,-0.165,-0.973
70673,-0.057,-0.169,-0.014
70726,-0.066,-0.181,0.044
70744,-0.043,-0.015,-0.060
70879,-0.057,-0.180,0.127
70897,-0.076,-0.194,0.019
70940,-0.070,-0.142,0.151
70968,-0.061,-0.193,-0.003
70986,-0.063,-0.192,0.010
71055,-0.103,-0.159,0.277
71126,-0.060,-0.196,0.016
71199,-0.055,-0.008,0.182
71260,-0.041,-0.035,0.004
71340,-0.057,-0.173,-0.025
71457,-0.063,-0.337,0.008
71518,-0.052,-0.129,0.162
71536,-0.067,-0.226,0.067
71572,-0.053,-0.112,-0.007
71607,-0.054,-0.137,0.062
71634,-0.053,-0.149,0.117
71698,0.024,0.144,-0.424
71723,-0.062,-0.182,-0.014
71787,-0.065,-0.184,0.106
71812,-0.056,-0.106,0.040
71858,-0.118,-0.469,0.269
71885,-0.052,-0.035,-0.079
71910,-0.062,-0.160,-0.009
71956,-0.012,0.033,0.286
72007,-0.042,0.186,-0.295
72034,-0.058,-0.168,-0.050
72052,-0.066,-0.218,0.042
72098,-0.059,-0.178,0.029
72150,-0.052,-0.151,0.046
72221,-0.066,-0.207,0.035
72276,-0.049,-0.173,-0.115
72383,-0.056,-0.199,0.103
72409,-0.080,-0.642,-0.592
72463,-0.063,-0.182,0.054
72506,-0.069,-0.160,0.025
72533,-0.071,-0.299,-0.225
72579,-0.065,-0.195,-0.012
72604,-0.061,-0.193,-0.002
72640,-0.050,-0.156,-0.017
72677,-0.049,-0.092,-0.035
72819,-0.055,-0.174,0.010
72882,0.033,0.001,-0.311
72926,-0.012,-0.048,-0.104
72953,-0.063,-0.191,0.000
72980,-0.060,-0.189,-0.032
73013,-0.051,-0.140,0.084
73031,-0.055,-0.159,-0.157
73068,-0.576,-2.666,1.827
73102,-0.025,-0.090,-0.220
73246,-0.014,0.127,-0.444
73317,-0.015,0.051,0.924
73335,-0.040,-0.243,-0.302
73371,-0.059,-0.161,-0.001
73460,-0.059,-0.182,0.006
73503,-0.064,-0.194,-0.004
73567,-0.036,0.053,-0.435
73594,-0.068,-0.229,0.051
73629,0.271,2.428,5.054
73665,-0.062,-0.187,-0.005
73709,-0.057,-0.165,-0.069
73736,-0.051,-0.101,-0.024
73772,-0.072,-0.182,0.137
73852,-0.102,-0.372,0.558
73905,-0.056,-0.164,0.028
73923,-0.073,-0.167,-0.084
73996,-0.058,-0.209,-0.108
74028,-0.136,-0.556,-0.330
74073,-0.060,-0.221,-0.004
74108,-0.061,-0.193,-0.004
74135,-0.064,-0.090,-0.120
74171,-0.060,-0.193,0.001
74224,-0.069,-0.219,0.035
74242,-0.063,-0.176,-0.015
74322,-0.059,-0.163,0.168
74359,-0.055,-0.139,-0.036
74411,-0.056,-0.219,0.029
74509,-0.056,-0.249,-0.119
74536,-0.069,-0.174,0.014
74554,-0.057,-0.192,-0.103
74581,-0.068,-0.183,0.203
74616,-0.058,-0.179,0.008
74705,-0.061,-0.192,-0.003
74732,-0.065,-0.182,-0.007
74750,-0.060,-0.189,-0.003
74842,-0.067,-0.203,0.027
74859,0.133,2.379,0.496
74867,-0.058,-0.199,-0.092
74875,-0.088,-0.384,-0.004
74883,-0.054,-0.156,0.099
74891,-0.065,-0.219,0.077
74907,-0.046,-0.176,-0.056
74915,-0.063,-0.189,0.045
74923,-0.051,-0.155,-0.048
74931,-0.051,-0.145,0.016
74949,-0.081,-0.214,0.241
74956,-0.063,-0.197,0.006
75098,2.669,13.322,27.342
75114,-0.202,-0.599,0.533
75150,0.623,2.819,1.993
75203,0.422,3.002,1.977
75221,-0.078,-0.279,-0.017
75258,-0.030,0.017,-0.029
75338,-0.058,-0.172,-0.004
75356,-0.056,-0.148,-0.075
75472,-0.035,0.086,0.043
75515,-0.047,-0.131,0.026
75542,-0.060,-0.164,-0.032
75613,-0.059,-0.195,-0.039
75668,-0.063,-0.207,-0.016
75686,-0.064,-0.200,0.002
75711,-0.045,-0.010,0.131
75766,-0.068,-0.180,0.004
75819,-0.067,-0.224,0.018
75864,-0.063,-0.194,-0.017
75917,-0.063,-0.194,0.001
75953,-0.026,0.142,0.055
76004,-0.063,-0.193,-0.009
76040,0.114,-0.393,-0.591
76111,-0.059,-0.169,-0.195
76139,-0.061,-0.147,0.009
76157,-0.046,-0.146,0.009
76175,-0.036,-0.094,-0.005
76255,-0.022,0.026,0.059
76282,-0.064,-0.174,0.010
76317,-0.025,-0.042,0.536
76353,-0.056,-0.153,0.166
76406,-0.060,-0.171,0.012
76497,-0.063,-0.176,-0.014
76558,-0.057,-0.172,-0.016
76585,-0.039,-0.111,-0.188
76601,-0.089,-0.344,0.594
76638,-0.061,-0.184,0.038
76674,-0.061,-0.016,0.092
76692,-0.019,0.098,-0.259
76718,-0.066,-0.188,-0.018
76745,-0.065,-0.223,-0.002
76763,-0.066,-0.218,0.014
76807,-0.052,-0.144,-0.052
76932,-0.061,-0.184,-0.022
76969,-0.043,-0.223,-0.212
76996,-0.051,-0.184,-0.117
77028,-0.060,-0.186,0.004
77082,-0.063,-0.181,-0.016
77126,-0.056,-0.166,-0.013
77153,-0.053,-0.140,-0.083
77180,-0.064,-0.151,0.136
77224,-0.057,-0.049,0.253
77260,-0.062,-0.178,-0.017
77288,-0.061,-0.186,0.007
77313,-0.103,-0.584,0.277
77331,-0.060,0.345,-0.001
77377,-0.064,-0.211,0.007
77402,-0.055,-0.300,0.295
77475,-0.062,-0.130,-0.116
77509,-0.060,-0.155,0.045
77536,-0.047,-0.057,-0.063
77561,-0.059,-0.185,0.039
77579,-0.059,-0.178,0.017
77587,-0.053,-0.146,-0.100
77595,-0.061,-0.180,-0.028
77601,-0.051,-0.086,-0.010
77812,0.794,1.113,1.052
77910,0.031,0.127,-0.141
78016,-0.042,-0.039,-0.202
78089,-0.045,-0.103,0.080
78141,-0.740,-4.741,1.106
78258,-0.147,-0.042,-0.254
78329,-0.086,-0.167,0.710
78454,-0.048,-0.191,0.146
78472,-0.064,-0.182,0.005
78542,-0.058,-0.185,-0.023
78604,-0.060,-0.180,-0.015
78668,-0.042,-0.154,0.097
78711,-0.092,-0.189,-0.496
78748,-0.062,-0.265,0.085
78828,-0.061,-0.194,-0.005
78873,-0.049,-0.117,-0.046
78926,-0.062,-0.212,-0.030
79004,-0.027,0.036,0.203
79077,-0.065,-0.137,-0.062
79157,-0.050,-0.146,-0.058
79237,-0.054,-0.154,-0.038
79308,0.092,0.687,-0.078
79362,-0.030,0.096,0.579
79406,-0.059,-0.164,0.026
79497,-0.063,-0.190,-0.018
79585,-0.069,-0.056,-0.225
79656,-0.067,-0.217,-0.017
79736,-0.060,-0.152,0.015
79834,-0.018,0.032,-0.025
79932,-0.062,-0.185,0.000
80043,-0.060,-0.179,-0.010
80123,-0.034,-0.119,0.222
80249,-0.046,-0.130,0.105
80285,-0.061,-0.192,0.002
80365,-0.059,-0.173,-0.019
80427,-0.062,-0.182,0.048
80506,-0.059,-0.178,-0.026
80560,-0.055,-0.162,-0.003
80613,-0.052,-0.142,0.139
80677,-0.024,-0.044,0.512
80711,-0.054,-0.158,0.051
80766,-0.061,-0.188,0.004
80846,0.125,0.118,-1.069
80908,-0.057,-0.030,-0.059
80980,-0.062,-0.170,-0.001
81095,0.005,0.173,-0.774
81184,0.004,0.267,-0.276
81264,-0.050,0.035,-0.055
81380,0.010,0.322,-0.473
81415,-0.058,-0.073,-0.086
81497,-0.054,-0.126,-0.007
81576,-0.032,0.048,0.181
81656,-0.008,0.058,0.103
81754,-0.062,-0.199,-0.051
81816,-0.051,-0.207,0.007
81861,-0.042,-0.013,0.162
81987,-0.039,-0.080,0.086
82047,-0.106,-0.427,0.151
82136,-0.064,-0.348,0.081
82243,-0.065,-0.195,-0.015
82314,-0.060,-0.187,-0.012
82396,-0.046,-0.162,-0.167
82430,-0.019,-0.009,0.320
82555,-0.054,-0.148,0.028
82617,-0.218,-0.967,1.652
82680,-0.066,-0.193,-0.018
82733,-0.063,-0.140,0.062
82779,-0.062,-0.185,-0.009
82831,-0.054,-0.126,0.005
82895,-0.592,-3.505,3.529
83133,0.050,-1.295,-2.549
83151,-0.063,-0.087,-0.119
83197,-0.050,0.092,-0.126
83320,0.510,0.320,-2.140
83375,-0.020,-0.056,-0.126
83428,-0.080,-0.373,0.583
83464,-0.076,-0.260,-0.137
83491,-0.097,1.886,-0.497
83525,-0.075,0.159,0.476
83561,0.071,0.499,0.403
83632,-0.055,0.469,-0.869
83749,0.187,0.789,0.760
83785,-0.060,-0.172,-0.020
83847,-0.068,-0.207,0.073
83936,-0.018,0.098,-0.195
83963,-0.034,0.009,-0.105
83981,-0.068,-0.372,0.045
84086,-0.051,-0.031,-0.205
84102,-0.057,-0.088,-0.012
84148,-0.051,-0.139,-0.021
84175,-0.060,-0.124,-0.069
84237,-0.056,-0.153,0.004
84264,-0.017,0.111,-0.050
84344,-0.058,0.043,-0.166
84380,-0.021,0.043,-0.033
84415,-0.050,-0.139,-0.068
84460,-0.055,-0.150,0.041
84558,0.066,0.367,-0.273
84594,-0.009,-0.074,-0.392
84629,-0.026,0.043,0.267
84656,-0.030,0.059,-0.286
84754,-0.052,-0.107,0.033
84825,-0.023,0.001,0.206
84923,-0.037,-0.139,-0.251
85056,-0.057,-0.115,0.083
85074,-0.043,-0.115,-0.084
85127,-0.001,0.158,0.733
85243,-0.061,-0.179,-0.017
85289,-0.046,-0.083,-0.015
85341,0.103,1.024,0.137
85412,0.030,0.436,-0.061
85467,-0.061,-0.196,-0.001
85528,-0.026,0.099,0.213
85582,-0.056,-0.140,0.022
85626,-0.038,-0.038,-0.180
85680,-0.066,0.149,0.312
85760,-0.020,0.024,0.011
85788,-0.075,-0.220,0.001
85840,-0.112,-0.222,0.032
85877,-0.059,-0.175,-0.057
85920,-0.047,-0.025,-0.198
85984,-0.015,0.052,-0.062
86133,-0.064,-0.043,-0.289
86188,-0.023,0.218,0.605
86222,-0.064,-0.162,-0.016
86311,-0.016,0.131,-0.222
86339,-0.042,-0.011,-0.039
86366,0.081,0.378,-0.163
86438,-0.076,-0.181,0.071
86446,-0.062,-0.160,-0.054
86453,-0.053,-0.126,0.021
86461,-0.046,-0.167,0.021
86479,-0.081,-0.166,0.261
86487,-0.056,-0.129,0.066
86495,-0.039,-0.132,0.081
86501,-0.010,0.116,-0.108
86519,-0.041,-0.087,0.067
86687,0.843,3.671,1.760
86749,-0.061,-0.457,0.032
86810,0.302,2.241,0.496
86883,-0.079,-0.189,0.135
86936,0.018,-0.142,-0.951
86990,-0.393,-4.986,3.165
87059,0.202,1.429,-1.178
87077,-0.097,-0.104,0.915
87139,0.055,0.488,0.058
87175,0.029,0.169,-0.294
87219,-0.071,-0.320,-0.016
87246,-0.048,-0.117,0.186
87291,-0.068,-0.202,1.863
87362,-0.066,0.096,-0.075
87424,0.251,0.451,1.013
87576,0.061,0.591,0.290
87638,0.386,1.518,-3.951
87665,-0.200,0.902,0.020
87745,-0.019,-0.054,0.478
87843,-0.062,-0.192,-0.006
87996,-0.017,0.073,0.068
88047,-0.106,-0.252,-0.237
88092,-0.031,0.010,0.261
88216,-0.061,-0.194,0.002
88261,-0.033,0.127,0.181
88350,-0.050,-0.178,-0.034
88449,-0.025,0.005,-0.191
88546,-0.077,-0.268,0.223
88644,-0.075,-0.327,0.430
88788,-0.052,-0.200,-0.077
88868,-0.063,-0.190,-0.020
88920,-0.061,-0.193,0.001
89026,-0.053,-0.192,-0.024
89080,-0.054,-0.162,0.009
89151,-0.075,-0.288,-0.002
89240,0.052,0.127,-0.224
89348,-0.046,-0.045,-0.090
89428,-0.044,-0.119,-0.246
89561,-0.079,-0.352,0.253
89687,-0.061,-0.244,0.065
89801,-0.062,-0.161,-0.027
89856,-0.105,-0.289,0.258
89954,-0.048,-0.162,-0.036
90066,-0.061,-0.194,0.001
90119,-0.041,-0.063,-0.086
90208,-0.068,-0.208,-0.020
90262,-0.063,-0.191,0.003
90342,-0.046,-0.083,-0.021
90431,-0.040,-0.118,-0.229
90538,-0.024,0.087,-0.206
90663,-0.064,-0.083,0.084
90725,-0.026,0.020,-0.093
90805,-0.082,-0.238,0.062
90878,-0.095,-0.193,0.155
90994,-0.036,-0.002,0.026
91054,-0.063,-0.179,0.040
91116,-0.044,-0.077,-0.004
91232,-0.054,-0.076,0.032
91330,-0.098,-0.108,0.536
91447,-0.060,-0.187,0.004
91535,-0.057,-0.177,-0.022
91624,-0.066,-0.168,-0.058
91688,-0.061,-0.178,0.077
91731,-0.047,-0.131,0.019
91795,-0.058,-0.203,-0.058
91937,-0.062,-0.171,-0.021
91982,-0.100,-0.814,0.410
92097,-0.059,-0.168,-0.012
92177,-0.061,-0.211,0.028
92569,0.802,2.699,-0.197
92587,-0.056,-0.156,0.159
92658,0.240,1.079,3.591
92701,-0.014,0.616,0.257
92765,0.021,-0.142,-0.515
92783,-0.062,-0.196,-0.002
92836,-0.091,-0.179,0.029
92872,-0.053,-0.131,0.010
92907,-0.068,-0.183,0.039
92961,-0.046,-0.124,-0.175
92989,-0.066,-0.171,-0.058
93021,-0.069,-0.322,0.002
93067,-0.072,-0.276,-0.020
93085,-0.027,0.048,0.104
93101,-0.064,-0.175,0.149
93156,-0.025,-0.057,-0.092
93209,-0.065,-0.210,-0.111
93236,-0.064,-0.131,0.192
93281,-0.039,-0.176,0.262
93325,-0.029,-0.035,0.078
93370,-0.036,-0.054,-0.068
93441,-0.061,-0.144,-0.068
93487,-0.066,0.011,0.496
93539,-0.055,-0.034,0.107
93575,0.045,0.054,-0.747
93600,-0.071,-0.273,0.436
93628,-0.047,-0.114,-0.193
93646,-0.062,-0.203,-0.003
93664,-0.056,-0.236,-0.191
93717,-0.063,-0.173,0.076
93735,-0.063,-0.168,-0.011
93771,-0.073,-0.220,0.000
93815,-0.061,-0.176,-0.021
93851,-0.045,-0.168,-0.020
93888,0.018,0.034,-0.516
93931,-0.058,-0.153,-0.075
93995,-0.049,-0.127,0.123
94045,-0.061,-0.189,0.001
94081,-0.036,0.190,0.438
94107,-0.047,-0.211,-0.164
94125,-0.061,-0.164,0.029
94161,-0.040,-0.056,-0.042
94223,-0.063,-0.174,0.012
94269,-0.059,-0.172,0.066
94312,-0.047,-0.107,0.030
94330,-0.062,-0.184,-0.031
94376,-0.074,-0.227,0.077
94429,-0.082,-0.228,0.113
94456,-0.052,-0.171,-0.065
94492,-0.050,-0.135,0.127
94535,-0.062,-0.185,0.002
94562,-0.063,-0.201,-0.006
94580,-0.064,-0.189,0.007
94606,-0.045,-0.107,-0.198
94651,-0.058,-0.147,0.021
94688,-0.060,-0.151,-0.036
94731,-0.080,-0.206,0.008
94768,-0.060,-0.174,-0.130
94795,-0.053,-0.030,-0.008
95060,3.471,7.586,-0.553
95088,-0.007,-0.818,-0.992
95159,0.085,0.442,0.470
95239,0.068,0.201,2.089
95293,0.371,1.780,0.498
95355,-0.020,-0.163,-0.078
95391,0.111,0.306,-0.483
95471,0.025,0.216,2.036
95499,-0.091,-0.166,0.258
95612,-0.059,-0.179,-0.015
95667,-0.072,-0.200,0.036
95747,0.021,0.349,-0.307
95792,-0.042,-0.047,0.185
95872,-0.043,-0.106,-0.098
95943,-0.083,-0.234,0.129
96003,-0.061,-0.167,-0.007
96058,-0.052,-0.072,-0.042
96110,-0.046,-0.083,-0.090
96147,-0.061,-0.192,-0.004
96192,-0.050,-0.149,0.135
96254,0.149,1.152,-0.328
96334,-0.054,-0.169,-0.053
96370,-0.193,-0.924,0.540
96423,-0.059,-0.196,-0.013
96478,-0.082,-0.069,0.142
96593,-0.058,-0.110,-0.034
96637,-0.045,-0.160,0.260
96664,-0.061,-0.192,0.001
96717,-0.059,-0.181,0.013
96815,-0.031,-0.091,-0.145
96888,-0.046,-0.079,0.163
96904,-0.063,-0.633,-1.810
96940,-0.047,0.013,-0.164
97009,-0.061,-0.193,0.013
97063,-0.063,-0.175,-0.015
97090,-0.071,-0.257,0.053
97189,-0.033,0.498,-0.204
97241,-0.043,-0.134,-0.168
97321,-0.064,-0.197,0.008
97394,-0.061,-0.179,-0.009
97438,0.051,0.437,-1.225
97465,-0.056,-0.157,0.082
97517,-0.072,-0.204,0.033
97553,-0.061,-0.185,0.024
97606,-0.068,-0.278,0.325
97679,0.046,1.105,-2.296
97722,-0.060,-0.172,0.005
97777,-0.061,-0.194,0.002
97811,-0.075,-0.314,0.187
97875,-0.057,-0.157,0.011
97919,0.230,0.077,-0.049
98051,-0.067,-0.184,-0.035
98113,-0.050,-0.120,0.006
98168,-0.046,-0.096,0.016
98202,-0.058,-0.185,0.005
98220,-0.030,-0.220,-0.134
98257,0.017,0.218,-0.731
98300,-0.062,-0.186,-0.025
98337,-0.070,-0.196,0.025
98373,-0.049,0.231,-0.645
98435,-0.051,-0.162,-0.027
98505,0.120,0.358,-0.431
98603,-0.045,-0.054,0.027
98649,-0.055,-0.114,0.274
98685,-0.044,0.101,0.002
98738,-0.052,-0.126,0.011
98774,-0.067,-0.220,0.085
98827,-0.051,-0.195,-0.127
98916,-0.050,-0.114,0.022
98998,-0.060,-0.059,0.014
99058,-0.052,-0.090,-0.058
99101,-0.056,-0.161,0.102
99165,-0.035,-0.142,0.042
99209,-0.056,-0.210,-0.281
99290,-0.062,-0.188,0.005
99370,-0.065,-0.193,-0.057
99441,-0.061,-0.188,-0.012
99478,-0.037,-0.063,0.064
99539,-0.062,-0.152,-0.113
99600,-0.060,-0.156,0.049
99673,-0.050,-0.098,0.045
99780,-0.041,-0.175,-0.042
99879,-0.058,-0.073,-0.001
99922,-0.052,-0.182,-0.050
99968,-0.022,-0.038,0.075
100004,-0.035,-0.048,-0.101
100086,-0.062,-0.193,0.001
100148,-0.047,-0.126,0.016
100219,-0.091,-0.499,-0.154
100273,-0.052,-0.219,0.339
100282,-0.066,-0.220,0.026
100308,-0.058,-0.178,0.009
100317,-0.064,-0.211,0.035
100326,-0.060,-0.190,-0.010
100335,-0.084,-0.266,-0.045
100344,-0.059,-0.189,0.004
100353,0.181,0.246,1.425
100362,-0.062,-0.191,-0.007
100521,0.189,1.965,5.235
100549,-0.047,-0.163,-0.055
100576,0.221,0.863,0.743
100610,0.086,1.620,1.328
100638,-0.069,-0.182,0.049
100683,0.204,1.505,0.114
100709,-0.050,-0.162,-0.023
100736,-0.030,-0.009,-0.235
100754,-0.058,-0.205,-0.009
100781,-0.065,-0.535,-0.169
100834,0.112,-0.485,2.401
100852,-0.064,-0.195,-0.004
100870,-0.065,-0.203,-0.005
100923,-0.060,-0.188,-0.012
100969,0.089,0.574,-0.243
101001,-0.052,-0.115,0.108
101056,-0.063,-0.224,0.025
101083,-0.058,-0.113,-0.042
101145,0.551,1.568,-0.700
101163,-0.246,0.518,4.740
101190,-0.087,0.536,0.424
101243,-0.063,-0.195,0.010
101298,-0.043,-0.019,-0.940
101341,-0.051,-0.120,-0.015
101378,-0.064,-0.184,-0.054
101458,-0.078,0.016,-0.178
101519,-0.040,-0.184,-0.166
101564,-0.049,-0.142,-0.102
101617,-0.022,0.077,-0.120
101662,0.014,0.852,0.570
101724,-0.058,-0.179,-0.110
101742,0.164,0.874,0.171
101804,-0.124,-0.137,0.434
101822,-0.074,-0.204,0.026
101840,-0.205,-0.886,-0.380
101902,0.017,0.910,-0.637
101957,-0.078,0.585,-2.165
101984,-0.049,-0.102,0.059
102035,0.079,0.592,0.790
102071,-0.073,-0.258,0.443
102106,-0.051,0.028,0.406
102160,0.426,1.577,1.332
102213,0.071,0.313,0.428
102240,-0.033,-0.053,-0.282
102286,0.139,0.179,-0.441
102348,-0.062,-0.129,-0.065
102419,-0.028,-0.034,0.050
102446,-0.059,-0.068,-0.078
102473,-0.015,0.244,0.485
102525,0.002,-0.071,0.054
102543,0.405,2.414,-0.301
102570,0.289,1.368,-0.444
102605,0.010,0.925,1.928
102641,-0.079,-0.170,0.039
102703,-0.073,-0.248,-0.016
102749,0.014,0.586,0.004
102794,-0.005,0.356,-1.306
102838,-0.043,-1.290,-0.421
102909,-0.103,-0.297,0.493
102945,-0.039,0.058,-0.299
103014,-0.064,-0.181,0.009
103032,-0.022,1.601,-0.784
103087,-0.070,-0.074,-0.172
103130,-0.124,-1.263,-2.567
103194,-0.061,-0.195,0.002
103238,-0.150,-0.644,0.239
103283,-0.049,-0.138,0.017
103309,-0.050,-0.044,-0.180
103354,-0.051,-0.143,0.015
103372,-0.052,-0.167,-0.012
103407,-0.042,-0.032,0.076
103443,-0.072,-0.060,-0.310
103470,-0.126,-0.410,0.867
103513,-0.029,-0.441,-0.398
103568,-0.050,-0.123,-0.124
103639,-0.062,-0.094,0.116
103693,-0.055,-0.186,-0.020
103764,-0.075,-0.187,0.055
103862,-0.041,-0.061,-0.065
103899,-0.069,-0.145,-0.017
103960,-0.069,-0.187,0.023
103997,-0.066,-0.182,0.154
104047,-0.070,-0.217,-0.075
104083,-0.061,-0.178,-0.016
104118,-0.060,-0.150,-0.038
104136,-0.091,-0.591,0.530
104181,-0.087,-0.153,-0.001
104225,-0.044,-0.123,0.169
104243,0.009,0.238,-0.575
104270,-0.065,-0.152,-0.049
104323,-0.075,-0.214,-0.014
104341,-0.063,-0.186,-0.011
104387,-0.072,-0.343,-0.041
104421,-0.046,-0.170,-0.032
104485,-0.048,0.010,-0.205
104519,-0.059,-0.154,-0.097
104546,-0.005,-0.141,-0.265
104582,-0.034,-0.230,-0.025
104635,-0.051,-0.156,-0.061
104680,-0.058,-0.434,0.147
104715,-0.077,-0.181,-0.038
104751,-0.054,-0.086,0.012
104788,-0.066,-0.193,-0.014
104831,0.319,3.877,-0.852
104886,-0.033,0.061,-0.452
104975,-0.044,-0.055,-0.181
105026,-0.050,-0.078,-0.218
105106,-0.087,-0.316,0.067
105142,-0.056,-0.152,-0.070
105160,-0.085,-0.694,0.750
105222,-0.059,-0.148,-0.007
105259,-0.064,-0.134,-0.040
105295,-0.095,-0.426,0.484
105348,-0.065,-0.206,-0.020
105384,-0.059,-0.184,-0.028
105419,0.332,2.185,-2.191
105455,-0.057,-0.176,0.026
105534,0.032,-0.164,-0.514
105570,-0.252,-1.041,-0.316
105605,-0.084,-0.285,-0.379
105623,-0.069,0.005,-0.451
105712,-0.034,-0.104,-0.123
105776,-0.063,-0.187,-0.101
105794,-0.061,-0.198,-0.061
105829,-0.086,-0.312,-0.151
105874,-0.032,0.064,0.195
105909,-0.054,-0.175,-0.012
105936,0.027,0.181,0.149
105972,-0.079,0.096,0.253
106318,1.888,7.538,-5.464
106363,-0.009,0.328,-0.267
106407,0.043,0.965,-0.761
106461,0.076,1.443,2.781
106559,0.301,1.260,0.300
106620,-0.067,-0.117,0.246
106648,-0.038,-0.311,-0.031
106684,0.092,0.132,-0.955
106746,0.178,1.493,2.508
106782,-0.028,0.152,-0.085
106817,-0.167,-1.214,0.943
106979,-0.088,0.387,0.826
107001,-0.070,-0.208,0.031
107047,-0.059,-0.117,0.120
107083,-0.060,-0.186,0.005
107118,-0.033,-0.070,-0.028
107154,-0.047,-0.112,-0.056
107190,-0.062,-0.189,0.002
107234,-0.062,-0.194,0.001
107270,-0.049,-0.136,0.001
107314,-0.053,-0.017,0.169
107350,-0.037,-0.134,-0.133
107403,-0.052,-0.131,0.024
107430,-0.054,-0.148,-0.015
107485,-0.029,-0.126,-0.122
107519,-0.019,-0.006,-0.090
107546,-0.102,-0.401,0.475
107582,-0.062,-0.160,0.042
107662,-0.032,0.377,-0.111
107715,-0.069,-0.204,-0.028
107733,-0.090,0.014,0.101
107868,-0.118,-0.485,0.677
107920,-0.060,-0.189,-0.043
107975,-0.066,-0.185,0.121
108017,-0.065,-0.155,-0.113
108035,-0.192,1.485,-2.007
108106,0.006,0.614,0.187
108151,-0.061,-0.100,-0.076
108204,-0.059,-0.154,-0.001
108222,-0.029,0.043,-0.137
108240,-0.102,-0.274,0.159
108268,-0.056,-0.145,0.091
108348,-0.151,-0.674,0.327
108366,-0.062,-0.199,-0.000
108400,-0.060,-0.163,0.028
108455,-0.050,-0.106,-0.051
108473,-0.012,0.047,-0.278
108491,-0.081,-0.327,0.156
108552,-0.057,-0.173,0.027
108598,-0.034,-0.038,-0.038
108614,-0.052,-0.152,-0.028
108632,-0.031,-0.087,-0.045
108669,-0.064,-0.147,0.150
108696,-0.057,-0.147,-0.014
108712,-0.023,-0.248,-0.097
108794,-0.021,-0.281,-0.281
108874,-0.044,-0.142,-0.032
108892,-0.039,-0.092,-0.102
108918,-0.068,-0.245,0.127
108945,-0.059,-0.162,-0.026
108963,0.048,0.432,0.314
109005,-0.054,-0.142,-0.010
109041,-0.060,-0.157,-0.156
109096,-0.049,-0.126,0.159
109176,-0.060,-0.097,0.014
109265,0.012,0.251,0.241
109354,-0.051,-0.148,-0.027
109425,-0.059,-0.195,-0.060
109504,-0.034,0.014,-0.183
109773,0.452,3.682,3.287
109826,0.145,1.598,-0.284
109924,-0.082,-0.172,0.159
110027,-0.030,-0.121,-0.078
110063,-0.054,0.171,0.008
110116,0.034,0.507,0.217
110232,-0.062,-0.130,-0.107
110296,-0.059,-0.243,0.083
110456,-0.063,-0.207,0.030
110535,-0.059,-0.186,0.033
110571,-0.063,-0.182,-0.062
110688,-0.061,-0.194,-0.000
110740,-0.053,-0.155,0.024
110820,-0.073,-0.264,0.513
110875,-0.070,-0.171,-0.044
110946,-0.053,-0.149,0.135
111006,-0.061,-0.190,0.101
111097,-0.054,-0.158,-0.080
111220,-0.060,-0.187,0.009
111275,-0.068,-0.147,-0.017
111417,-0.060,-0.181,0.030
111444,-0.058,-0.178,-0.155
111480,-0.069,-0.228,-0.004
111550,-0.062,-0.194,0.005
111587,-0.061,-0.194,0.002
111685,-0.062,-0.186,-0.031
111783,-0.061,-0.201,-0.016
111818,-0.062,-0.191,0.008
111863,-0.070,-0.238,0.104
111916,-0.062,-0.181,-0.015
111989,-0.062,-0.185,0.007
112030,-0.060,-0.190,-0.002
112076,-0.038,-0.078,-0.334
112129,-0.059,-0.189,0.005
112245,-0.110,-0.003,0.501
112263,-0.062,-0.186,-0.004
112334,-0.057,-0.168,-0.023
112370,-0.064,-0.054,-0.158
112469,-0.176,0.007,-0.185
112548,-0.090,-0.080,0.570
112600,-0.062,-0.194,-0.010
112664,-0.062,-0.174,-0.085
112744,-0.063,-0.190,-0.011
112771,-0.062,-0.190,-0.006
112806,-0.062,-0.197,-0.004
112879,-0.069,-0.228,-0.003
112904,-0.065,-0.139,-0.099
112959,-0.061,-0.203,-0.019
112995,-0.020,0.071,-0.130
113153,-0.060,-0.195,-0.004
113206,-0.057,-0.168,-0.054
113233,-0.069,-0.243,0.002
113395,-0.061,-0.222,-0.011
113466,-0.062,-0.189,0.003
113493,-0.063,-0.198,-0.010
113518,-0.061,-0.189,0.018
113607,-0.049,-0.108,-0.065
113625,-0.062,-0.192,-0.005
113698,-0.067,-0.199,0.013
113732,-0.057,-0.172,0.061
113849,-0.058,-0.149,-0.068
113894,-0.061,-0.194,0.001
113929,-0.057,-0.197,-0.094
113974,-0.062,-0.191,-0.007
114060,-0.059,-0.166,-0.005
114079,-0.061,-0.195,0.000
114319,1.910,6.277,-1.290
114355,-0.066,0.070,-0.731
114382,0.072,0.520,-0.540
114417,0.321,1.392,-0.534
114453,0.237,0.267,-0.850
114514,-0.076,0.756,0.244
114603,0.024,0.082,-1.703
114710,0.139,0.688,-0.765
114809,0.182,-2.103,-0.509
114854,-0.155,-2.116,0.612
114925,0.520,1.918,-2.088
114970,-0.059,0.006,0.420
115076,-0.048,-0.034,-0.196
115147,-0.057,-0.097,0.113
115183,-0.093,-0.303,-0.115
115236,-0.053,-0.183,-0.055
115307,-0.072,-0.252,0.108
115389,-0.057,-0.154,-0.028
115520,-0.037,-0.005,0.070
115575,-0.062,-0.223,-0.012
115600,-0.051,-0.144,0.179
115637,-0.091,-0.350,-0.094
115708,-0.067,-0.149,0.047
115771,-0.062,-0.159,0.045
115824,-0.203,-0.887,0.532
115851,-0.087,-0.154,0.057
115897,-0.074,-0.232,-0.008
115959,-0.094,-0.608,-0.318
116046,-0.036,-0.004,0.131
116126,-0.060,-0.189,-0.002
116171,-0.062,-0.194,-0.006
116224,-0.061,-0.194,0.000
116288,-0.047,-0.066,0.141
116340,-0.083,-0.211,0.074
116395,-0.062,-0.250,-0.030
116439,-0.060,-0.183,0.009
116493,-0.071,-0.184,-0.102
116545,-0.049,0.405,-0.478
116590,0.082,0.579,-0.538
116652,-0.063,-0.055,-0.003
116723,-0.062,-0.181,0.041
116796,-0.043,-0.198,-0.121
116867,-0.035,-0.032,0.546
116938,0.046,0.287,0.351
116983,-0.053,-0.180,-0.084
117042,-0.064,-0.234,0.066
117113,-0.057,-0.125,-0.074
117177,-0.081,-0.427,0.342
117275,-0.064,-0.173,0.074
117319,-0.031,0.062,-0.164
117426,0.000,0.327,0.263
117505,-0.069,-0.254,-0.028
117550,-0.001,0.255,-0.352
117667,-0.133,-0.535,-0.153
117783,-0.073,-0.209,0.062
117827,-0.040,0.049,-0.130
117925,-0.171,-1.453,0.082
117998,-0.058,-0.176,0.009
118058,-0.056,-0.202,-0.161
118094,-0.060,-0.171,-0.014
118209,-0.064,-0.178,-0.022
118281,-0.031,-0.112,0.094
118370,-0.060,-0.179,-0.015
118469,-0.061,-0.184,-0.046
118511,-0.061,-0.194,-0.001
118575,-0.063,-0.168,-0.071
118637,-0.061,-0.202,-0.002
118691,-0.039,-0.031,0.037
118753,-0.077,-0.226,0.077
118799,-0.060,-0.153,0.033
118824,-0.059,-0.165,-0.026
118931,-0.025,0.054,0.018
118995,-0.034,-0.041,0.219
119153,-0.089,-0.405,0.342
119206,-0.055,-0.149,0.035
119242,-0.061,-0.486,-0.363
119331,-0.009,-0.005,-0.182
119386,-0.062,-0.188,0.005
119466,-0.007,-0.446,-0.346
119527,-0.060,-0.188,-0.006
119590,-0.070,-0.269,0.135
119625,-0.040,-0.108,-0.021
119661,-0.055,-0.159,0.026
119723,-0.036,-0.054,-0.287
119750,-0.060,-0.125,0.004
119803,-0.059,-0.183,0.026
119858,-0.062,-0.192,-0.004
119894,0.107,1.416,1.188
119974,-0.049,-0.099,0.009
120076,-0.056,-0.149,0.091
120138,-0.060,-0.154,0.058
120174,-0.061,-0.194,-0.000
120218,-0.101,-0.369,-0.119
120254,-0.011,-0.059,0.069
120316,-0.062,-0.200,0.041
120343,-0.061,-0.194,-0.002
120370,-0.060,-0.171,0.082
120478,-0.071,-0.248,0.041
120487,-0.172,-0.789,0.091
120496,-0.044,-0.061,-0.051
120502,-0.058,-0.173,-0.007
120511,-0.044,-0.119,-0.014
120726,1.377,5.419,-1.231
120771,0.051,0.393,-0.478
120824,-0.132,-0.602,0.095
120860,0.588,4.757,0.050
120888,-0.140,-0.624,1.117
120922,-0.030,0.037,-0.076
120968,-0.013,0.602,-1.437
121055,0.391,1.472,-2.018
121108,-0.050,-0.098,0.076
121153,-0.050,-0.189,-0.052
121242,-0.080,-0.293,-0.022
121297,-0.251,-1.087,0.670
121340,-0.225,-1.065,0.585
121386,-0.057,-0.168,0.028
121466,-0.067,-0.197,0.022
121607,-0.056,0.019,0.128
121652,0.051,0.620,-0.377
121732,-0.076,-0.250,0.707
121796,-0.058,-0.192,0.030
121876,-0.054,-0.153,-0.005
121938,-0.063,-0.190,-0.016
122025,-0.044,-0.221,-0.140
122061,-0.056,-0.137,0.018
122132,-0.057,-0.170,0.048
122187,-0.039,-0.038,-0.108
122249,-0.058,-0.136,-0.037
122285,0.041,0.349,-0.033
122347,-0.072,-0.166,0.029
122392,-0.057,-0.167,0.048
122463,-0.063,-0.204,-0.000
122551,-0.032,-0.058,-0.113
122613,-0.061,-0.194,-0.011
122668,-0.000,-0.065,-0.005
122702,-0.082,-0.098,0.339
122828,-0.106,-0.297,-0.187
122864,-0.049,-0.105,-0.040
122908,-0.052,-0.215,0.136
122953,-0.128,-0.476,-0.299
123013,-0.050,-0.146,0.026
123102,-0.025,-0.205,-0.103
123175,-0.062,-0.163,-0.056
123228,-0.061,-0.176,0.017
123255,-0.060,-0.215,-0.015
123371,-0.061,-0.198,-0.068
123424,-0.060,-0.037,0.115
123479,-0.019,0.121,-0.068
123521,0.146,1.268,-0.721
123601,0.028,-0.008,0.094
123674,-0.052,-0.204,-0.001
123709,-0.046,-0.120,0.030
123790,-0.024,0.017,-0.230
123914,-0.053,-0.099,-0.006
123969,-0.062,-0.174,0.006
124028,-0.024,0.070,0.071
124073,-0.061,-0.167,0.012
124117,-0.194,-0.557,1.829
124153,-0.039,-0.229,0.024
124206,-0.053,-0.093,-0.037
124233,-0.081,-0.033,-0.156
124331,-0.056,-0.161,-0.015
124411,-0.064,-0.190,0.022
124493,-0.052,0.006,0.058
124563,-0.034,-0.063,-0.438
124616,-0.047,-0.113,-0.062
124634,-0.025,0.035,0.212
124661,-0.068,-0.082,0.312
124723,-0.068,-0.169,0.057
124750,-0.054,-0.237,0.101
124803,-0.009,-0.162,-0.220
124849,-0.062,-0.189,0.006
124885,-0.062,-0.189,-0.013
124938,-0.081,0.012,-0.046
125016,-0.048,0.022,0.173
125061,-0.052,-0.265,-0.018
125098,-0.062,-0.212,-0.004
125105,-0.066,-0.204,0.005
125114,-0.060,-0.188,-0.010
125123,-0.070,-0.240,0.101
125132,-0.061,-0.183,-0.000
125141,-0.061,-0.202,0.010
125150,-0.001,0.102,0.663
125169,-0.041,-0.154,-0.105
125178,-0.061,-0.189,-0.011
125347,0.603,2.495,0.891
125374,-0.021,0.064,0.268
125418,0.032,0.894,0.553
125472,0.098,1.948,-1.228
125490,-0.058,-0.172,0.072
125542,0.007,0.400,0.040
125588,-0.062,-0.191,-0.008
125622,-0.035,0.189,-0.029
125659,-0.061,-0.180,0.003
125677,-0.063,-0.128,0.062
125757,-0.063,-0.219,-0.009
125846,-0.063,-0.171,-0.040
125873,-0.075,-0.025,-0.187
125962,-0.052,-0.186,-0.219
125999,-0.042,-0.012,0.032
126022,-0.052,-0.149,0.017
126077,-0.074,-0.181,0.031
126102,-0.066,-0.174,0.037
126148,-0.036,-0.146,-0.084
126166,-0.042,-0.088,0.047
126228,-0.063,-0.193,-0.047
126326,-0.064,-0.190,0.014
126380,-0.067,-0.254,0.007
126406,-0.302,-0.694,0.774
126433,-0.055,-0.093,0.261
126503,-0.062,-0.234,-0.071
126585,-0.055,-0.167,-0.001
126647,-0.019,0.093,0.025
126674,-0.064,-0.178,-0.028
126718,-0.067,-0.158,-0.004
126772,-0.062,-0.126,0.050
126825,-0.063,-0.221,-0.018
126905,-0.061,-0.185,0.005
126978,-0.061,-0.186,-0.005
127019,-0.052,-0.139,0.124
127064,-0.045,-0.041,-0.080
127126,-0.076,-0.219,-0.004
127144,-0.060,-0.136,0.067
127171,-0.025,-0.001,0.141
127224,-0.052,-0.160,-0.064
127251,-0.057,-0.255,-0.389
127288,-0.045,-0.308,-0.167
127322,-0.064,-0.201,0.064
127368,-0.050,-0.151,-0.309
127386,-0.054,-0.138,0.051
127411,-0.062,-0.198,-0.002
127493,-0.089,-0.268,0.241
127536,-0.073,-0.196,0.018
127563,-0.055,-0.037,0.045
127625,-0.061,-0.183,-0.036
127689,-0.061,-0.170,0.046
127714,-0.070,-0.216,-0.026
127750,-0.061,-0.194,0.002
127812,-0.061,-0.178,0.023
127858,-0.058,-0.179,0.057
127901,-0.089,-0.206,0.070
127938,-0.057,-0.175,-0.015
127983,-0.052,-0.175,-0.284
128052,-0.058,-0.144,-0.017
128105,-0.070,-0.533,0.757
128178,-0.068,0.057,-0.295
128221,-0.021,-0.018,0.073
128301,-0.063,-0.195,0.004
128374,-0.050,-0.135,-0.339
128436,-0.061,-0.155,-0.048
128472,-0.053,-0.159,0.028
128524,-0.075,-0.216,0.014
128560,-0.062,-0.185,0.011
128588,-0.115,-0.428,0.089
128613,-0.060,-0.171,0.026
128659,-0.062,-0.179,0.024
128711,-0.140,-0.261,-0.414
128864,-0.057,-0.174,0.005
128882,-0.060,-0.186,0.010
128962,-0.047,-0.136,-0.066
129040,-0.063,-0.194,0.006
129095,-0.053,-0.105,0.077
129111,-0.068,-0.215,0.002
129139,-0.052,-0.267,-0.399
129184,-0.057,-0.121,-0.023
129246,-0.053,0.018,0.230
129282,-0.057,-0.186,0.013
129317,-0.060,-0.191,-0.000
129380,-0.057,-0.149,-0.013
129460,-0.066,-0.184,0.013
129503,-0.060,-0.190,0.002
129567,-0.064,-0.370,0.070
129585,-0.070,-0.183,0.042
129629,-0.053,-0.144,0.011
129656,-0.056,-0.081,0.107
129718,-0.058,-0.216,-0.159
129745,-0.060,-0.186,-0.027
129763,-0.066,-0.193,0.008
129816,-0.068,-0.238,0.019
129898,-0.055,-0.245,-0.360
129914,-0.060,-0.176,-0.014
129987,-0.060,-0.169,0.004
130026,-0.066,-0.156,-0.022
130062,-0.059,-0.151,0.035
130124,-0.058,-0.164,-0.019
130231,-0.059,-0.181,0.021
130286,-0.061,-0.180,-0.003
130295,-0.037,-0.061,0.133
130302,-0.053,-0.167,-0.045
130311,-0.062,-0.187,-0.004
130320,-0.050,-0.179,-0.161
130339,-0.057,-0.170,0.017
130348,-0.062,-0.195,0.004
130357,-0.059,-0.171,0.003
130366,-0.059,-0.184,-0.001
130375,-0.057,-0.188,-0.034
130384,-0.061,-0.187,0.011
130534,3.164,8.906,1.914
130552,-0.283,-1.768,-3.230
130614,0.060,1.165,1.565
130678,0.230,1.235,-1.368
130712,0.798,2.745,3.458
130785,0.340,2.208,0.468
130847,0.119,1.315,-1.490
130892,0.160,-0.186,-0.683
130954,-0.062,-0.052,0.198
130981,0.094,0.642,1.217
131069,-0.070,0.170,-0.444
131103,0.058,0.558,0.454
131210,0.007,-0.363,0.549
131256,0.614,2.233,1.473
131274,-0.356,-1.791,1.223
131336,0.081,0.899,0.138
131407,-0.096,-0.130,-0.071
131443,0.176,-2.942,-1.292
131461,-0.070,-0.304,0.330
131540,-0.193,-2.365,4.712
131577,-0.015,-0.133,-0.156
131620,0.031,0.507,0.764
131817,0.057,-1.088,0.156
131835,-0.023,-0.106,-0.009
131899,-0.052,-0.136,-0.078
131933,-0.062,-0.068,-0.135
131988,-0.053,-0.264,-0.090
132011,-0.057,-0.152,-0.014
132075,0.503,2.433,-3.926
132137,-0.061,-0.169,0.090
132164,-0.052,-0.047,-0.075
132226,0.025,0.389,0.102
132271,-0.051,-0.118,0.080
132315,-0.037,0.189,1.485
132342,-0.016,-0.022,0.039
132379,-0.023,0.004,-0.332
132404,-0.023,-0.057,-0.290
132459,-0.049,-0.173,-0.091
132486,-0.061,-0.156,-0.040
132510,-0.099,-0.252,-0.430
132574,-0.046,0.002,-0.233
132645,-0.031,-0.030,0.025
132681,1.128,2.889,2.334
132716,-0.104,-0.082,1.139
132752,-0.075,-0.213,-0.034
132805,0.063,-0.171,-1.774
132841,-0.061,-0.158,-0.057
132896,0.024,-0.272,0.156
133018,-0.029,0.096,0.604
133090,-0.075,-0.085,0.147
133161,0.009,0.877,0.235
133214,-0.051,0.077,-0.049
133278,-0.047,-0.221,-0.047
133330,-0.164,-1.092,0.440
133394,-0.035,-0.047,-0.292
133429,-0.065,-0.179,0.000
133508,-0.057,0.055,0.009
133562,-0.058,-0.140,0.047
133615,-0.065,-0.186,0.015
133688,-0.070,-0.028,0.158
133722,-0.061,-0.139,-0.015
133795,-0.320,-1.398,-1.175
133866,-0.084,-0.407,0.110
133919,-0.055,-0.177,-0.063
133964,-0.129,-0.399,0.720
134014,-0.027,0.087,0.082
134050,-0.020,0.009,0.249
134096,-0.052,0.086,-0.686
134194,-0.003,-0.054,-0.216
134336,-0.057,-0.174,-0.042
134390,-0.039,0.158,-0.295
134443,-0.064,-0.153,-0.047
134559,-0.067,-0.125,-0.102
134648,-0.021,-0.069,-0.141
134755,-0.053,-0.121,0.052
134853,-0.042,-0.173,-0.067
134899,-0.028,-0.174,-0.084
134942,-0.020,0.009,0.250
135020,-0.006,-0.062,-0.163
135128,-0.060,-0.187,-0.001
135146,-0.059,-0.166,-0.040
135164,-0.019,0.092,0.737
135226,-0.060,-0.213,-0.026
135244,-0.027,-0.059,0.290
135315,-0.084,-0.327,-0.077
135404,-0.055,-0.150,-0.077
135431,-0.027,-0.059,-0.129
135501,-0.041,-0.048,-0.007
135547,-0.060,-0.157,-0.005
135618,-0.077,-0.241,0.227
135654,-0.060,-0.149,-0.036
135681,-0.063,-0.188,-0.055
135725,-0.059,-0.151,-0.147
135789,-0.064,-0.200,0.307
135850,-0.258,-0.247,0.942
135896,-0.033,-0.069,0.104
135949,0.043,0.114,0.531
136107,0.088,0.669,0.625
136134,0.061,0.092,-0.177
136198,-0.044,-0.398,-0.148
136241,-0.243,-1.091,2.699
136250,-0.063,-0.180,-0.014
136269,-0.067,-0.202,-0.112
136278,-0.061,-0.205,0.005
136483,1.333,7.696,-6.782
136526,0.282,1.040,-1.514
136553,-0.020,0.031,0.111
136599,0.141,1.443,0.534
136642,-0.023,0.018,-0.292
136713,-0.085,0.457,-0.714
136768,-0.065,-0.188,-0.042
136802,-0.061,-0.209,-0.007
136848,-0.054,-0.168,-0.217
136919,-0.042,-0.035,0.092
136964,-0.066,-0.170,0.013
137032,-0.064,-0.170,0.013
137069,-0.089,-0.567,-0.720
137103,-0.062,-0.189,0.037
137130,-0.068,-0.192,0.033
137185,-0.087,-0.246,0.030
137229,-0.029,0.423,-0.167
137274,-0.062,-0.192,-0.002
137292,-0.059,-0.116,-0.038
137363,-0.061,-0.193,0.001
137407,-0.031,0.238,0.432
137443,-0.065,-0.181,0.039
137504,-0.062,-0.180,-0.112
137540,-0.060,0.007,0.256
137611,-0.052,-0.078,-0.063
137675,-0.036,0.266,0.385
137728,-0.131,-1.118,0.315
137746,-0.045,0.019,-0.024
137764,-0.048,-0.087,0.024
137844,-0.058,-0.176,0.002
137899,-0.042,-0.199,-0.388
137960,-0.112,-0.273,-0.314
138039,-0.029,0.433,-0.870
138084,-0.082,-0.331,0.450
138164,-0.032,-0.014,-0.127
138208,-0.080,-0.176,0.082
138280,-0.057,0.013,-0.003
138351,-0.071,-0.021,-0.435
138431,-0.091,-0.118,-0.005
138501,-0.075,-0.264,0.096
138538,-0.062,-0.193,0.004
138574,-0.066,-0.193,-0.037
138618,-0.040,-0.133,-0.438
138663,-0.049,-0.021,0.223
138734,-0.062,-0.170,-0.017
138770,-0.060,-0.168,0.008
138805,-0.063,-0.128,-0.064
138869,-0.057,-0.160,-0.001
138921,-0.081,-0.294,-0.028
139009,-0.051,-0.174,0.014
139054,-0.051,-0.156,-0.011
139107,-0.066,-0.209,-0.046
139143,-0.069,-0.156,0.004
139170,-0.066,-0.163,0.161
139214,-0.059,-0.134,0.081
139250,-0.032,-0.010,0.187
139287,-0.046,-0.080,-0.065
139330,-0.039,0.021,-0.303
139358,-0.272,-0.976,0.607
139394,-0.020,0.044,0.070
139704,0.762,1.840,-3.519
139740,-0.119,-0.451,0.121
139811,0.048,0.452,-1.052
139884,0.074,0.511,-1.180
139937,-0.078,-0.250,0.155
139982,-0.006,0.247,-0.831
140084,-0.068,-0.260,0.064
140146,-0.038,-0.232,-0.236
140208,-0.043,-0.081,-0.042
140244,-0.071,-0.313,0.138
140280,-0.063,-0.182,-0.037
140324,-0.055,-0.110,-0.036
140379,-0.064,-0.144,-0.076
140440,-0.119,-0.453,0.164
140477,-0.060,-0.163,0.014
140501,-0.063,-0.194,-0.021
140547,-0.062,-0.232,0.111
140583,-0.057,-0.179,0.037
140627,-0.025,0.169,0.627
140672,-0.041,-0.093,-0.039
140770,-0.059,-0.179,-0.001
140823,-0.053,0.003,1.995
140869,-0.023,-0.091,-0.166
140958,-0.039,-0.073,0.052
141027,-0.060,-0.177,-0.009
141081,-0.041,-0.125,0.006
141134,-0.052,-0.074,-0.051
141232,-0.069,-0.084,0.048
141312,-0.061,-0.184,-0.010
141376,0.016,0.114,-0.182
141447,-0.005,-0.119,-0.273
141535,-0.061,-0.182,0.035
141580,-0.050,-0.125,-0.238
141722,-0.088,-0.410,0.407
141786,-0.061,-0.188,-0.004
141884,-0.062,-0.188,0.020
141946,-0.057,-0.161,0.012
142006,-0.049,-0.051,0.031
142079,-0.067,-0.744,0.622
142122,-0.063,-0.206,0.038
142177,-0.053,-0.162,0.071
142239,0.085,0.395,1.485
142284,-0.153,-0.403,0.524
142337,-0.074,-0.238,0.021
142373,-0.040,-0.018,0.014
142426,-0.067,-0.162,0.014
142499,-0.051,-0.163,-0.028
142550,-0.059,-0.132,-0.050
142612,-0.051,-0.126,0.003
142676,-0.015,-0.101,-0.063
142710,-0.048,-0.125,-0.002
142774,-0.078,-0.304,0.112
142854,-0.055,-0.149,0.006
142881,-0.004,0.212,0.094
142952,-0.040,-0.110,-0.121
143021,-0.067,-0.115,0.169
143067,-0.058,-0.190,-0.056
143147,-0.045,-0.177,-0.080
143450,2.159,10.744,-9.891
143487,-0.038,-0.987,0.377
143502,-0.058,0.293,-0.569
143520,-0.058,-0.089,0.091
143557,0.394,0.038,-1.775
143619,0.612,2.812,0.804
143646,-0.053,-0.013,0.068
143682,-0.002,-0.416,-0.767
143735,0.264,0.083,-2.593
143771,-0.030,0.013,-0.000
143806,0.187,1.024,-1.436
143851,-0.101,-0.668,-0.603
143888,-0.002,-0.009,-0.238
143922,-0.057,-0.174,-0.001
143959,-0.083,-0.110,0.049
143995,-0.065,-0.196,0.016
144054,-0.009,0.581,-0.238
144116,-0.062,-0.201,-0.047
144152,-0.071,-0.203,-0.023
144198,-0.046,-0.151,-0.031
144232,-0.020,-0.066,0.067
144303,-0.062,-0.167,0.039
144349,-0.071,-0.151,0.030
144376,-0.056,-0.155,0.038
144410,-0.062,-0.204,0.008
144456,-0.056,-0.096,0.048
144508,-0.099,-0.199,0.199
144535,-0.066,-0.202,-0.003
144553,-0.055,-0.132,-0.032
144599,0.010,0.304,-0.235
144615,-0.050,-0.155,-0.534
144651,-0.060,-0.184,0.014
144713,-0.063,-0.162,-0.089
144731,-0.062,-0.187,-0.008
144795,-0.048,-0.127,-0.032
144866,-0.062,-0.199,-0.001
144893,-0.075,-0.204,0.051
144928,-0.036,-0.287,-0.567
144964,-0.063,-0.177,-0.021
144991,-0.061,-0.173,-0.018
145042,-0.061,-0.193,-0.001
145104,-0.047,-0.168,-0.167
145140,-0.054,-0.192,-0.017
145202,-0.102,-0.441,0.207
145220,-0.057,-0.144,0.034
145275,-0.070,-0.159,-0.065
145293,-0.087,0.173,-0.536
145355,-0.056,-0.217,-0.041
145382,-0.039,-0.073,-0.049
145408,-0.034,0.003,0.388
145471,0.016,0.262,-0.319
145499,-0.085,0.279,-0.463
145603,-0.040,-0.021,-0.238
145667,-0.056,-0.159,0.027
145738,-0.036,0.045,0.576
145765,0.038,0.439,0.202
145792,-0.037,-0.030,0.247
145827,0.029,-0.469,-0.982
145907,-0.060,-0.162,-0.147
145934,-0.060,-0.142,-0.010
145961,-0.066,-0.196,0.012
145998,-0.068,-0.175,0.081
146012,-0.052,-0.092,-0.034
146021,-0.064,-0.233,-0.038
146263,1.672,5.652,-2.615
146281,0.379,2.445,-0.160
146325,-0.049,-0.173,-0.369
146370,-0.158,-0.044,0.527
146432,0.343,2.371,2.397
146502,0.214,0.996,0.409
146539,0.277,2.365,-0.772
146584,0.079,0.689,-0.039
146628,0.463,2.091,-0.344
146655,-0.016,-0.276,-0.106
146708,-0.038,0.022,-0.090
146744,-0.125,-0.507,1.288
146799,-0.027,0.102,0.119
146860,-0.063,-0.088,-0.182
146904,-0.067,0.003,0.481
146931,-0.089,-0.153,-0.116
146995,-0.080,-0.246,0.123
147036,-0.047,-0.112,0.107
147054,-0.051,-0.052,0.022
147072,0.004,0.079,0.122
147134,-0.176,0.021,-1.181
147161,-0.065,-0.150,-0.061
147205,-0.048,-0.099,0.156
147241,-0.034,0.082,0.039
147358,0.046,0.675,-0.525
147465,-0.068,-0.213,0.039
147526,-0.045,-0.063,0.018
147580,-0.059,-0.175,-0.081
147633,-0.053,-0.061,0.100
147660,-0.015,-0.108,-0.691
147713,-0.029,0.002,-0.149
147786,-0.067,-0.167,0.064
147884,-0.058,-0.156,-0.033
147937,-0.069,-0.208,-0.058
148006,-0.040,-0.071,0.020
148097,-0.061,-0.160,-0.010
148131,-0.026,0.039,0.137
148202,-0.034,-0.001,-0.084
148293,-0.066,-0.154,0.005
148328,-0.070,-0.225,-0.037
148382,-0.061,-0.189,-0.014
148426,-0.031,0.184,0.609
148453,-0.068,-0.156,0.001
148514,-0.069,-0.346,0.112
148612,-0.039,0.104,-0.067
148667,-0.053,-0.128,-0.329
148694,-0.082,-0.236,0.203
148729,-0.054,-0.093,-0.003
148765,-0.017,0.148,-0.254
148872,-0.065,-0.129,-0.096
148916,-0.056,-0.168,-0.002
148970,-0.106,-0.341,0.875
149049,-0.072,-0.187,0.402
149101,-0.089,-0.330,-0.041
149138,-0.041,-0.087,0.169
149183,-0.057,-0.155,-0.049
149227,-0.062,-0.104,0.107
149290,-0.038,0.216,-0.253
149316,0.095,1.118,-0.294
149370,-0.001,0.180,-0.149
149414,0.063,0.437,-1.547
149502,-0.060,-0.184,0.004
149539,-0.001,0.197,-0.201
149584,-0.062,-0.177,0.002
149655,-0.066,-0.186,0.054
149682,-0.042,-0.032,-0.102
149753,-0.049,-0.108,-0.164
149780,-0.068,-0.123,-0.119
149833,-0.069,0.020,-0.300
149851,-0.041,-0.112,-0.127
149931,-0.067,-0.939,0.704
149968,-0.056,-0.354,-0.002
150043,-0.029,-0.047,0.001
150070,-0.068,-0.150,-0.013
150114,-0.022,0.088,-0.018
150178,-0.029,-0.011,-0.223
150196,-0.049,-0.128,0.025
150221,-0.063,-0.127,-0.078
150258,0.000,0.230,-0.365
150294,-0.028,0.012,-0.120
150310,-0.111,-0.395,0.143
150356,-0.053,-0.052,-0.067
150418,-0.065,-0.217,0.186
150445,-0.038,-0.001,-0.126
150524,-0.065,-0.170,-0.024
150588,-0.092,-0.253,-0.234
150702,-0.056,-0.117,-0.020
150766,-0.059,-0.144,0.034
150891,-0.060,-0.187,-0.043
150935,-0.036,0.094,-0.311
150980,-0.023,0.070,-0.137
151022,-0.137,0.023,0.796
151077,-0.037,-0.287,-0.052
151095,-0.087,0.163,-1.081
151120,-0.043,0.062,-0.057
151157,-0.061,-0.195,-0.001
151246,-0.047,-0.138,-0.013
151344,-0.062,-0.162,-0.037
151433,-0.065,-0.205,0.010
151442,-0.076,-0.097,-0.107
151451,-0.135,-0.649,1.086
151460,-0.055,-0.073,0.031
151479,-0.037,-0.080,0.156
151488,-0.070,-0.189,-0.109
151497,-0.052,-0.158,-0.134
151503,-0.062,-0.194,-0.023
151512,-0.063,-0.193,-0.059
151521,-0.055,-0.137,-0.063
151530,-0.058,-0.183,0.003
151549,-0.062,-0.148,-0.038
151558,-0.068,-0.295,0.181
151567,-0.062,-0.204,-0.007
151576,-0.057,-0.158,-0.031
151585,-0.055,-0.141,-0.051
151683,0.360,0.969,-3.176
151709,-0.059,-0.152,0.075
151736,-0.035,-0.104,-0.154
151763,-0.089,-0.245,0.075
151790,0.202,-0.557,1.041
151816,-0.086,-0.064,-0.056
151834,-0.078,0.144,0.911
151870,0.006,1.201,1.237
151905,-0.325,-0.965,-1.765
151932,-0.061,-0.194,0.000
151978,-0.100,0.570,0.911
151996,-0.065,-0.192,0.001
152038,-0.065,-0.207,0.009
152083,-0.067,-0.064,-0.127
152127,-0.040,-0.091,0.077
152172,-0.061,-0.264,0.095
152234,-0.064,-0.135,0.030
152252,-0.067,-0.208,-0.021
152270,-0.056,-0.161,0.002
152314,-0.062,-0.193,0.006
152332,-0.051,-0.143,-0.070
152350,-0.063,-0.185,-0.019
152412,-0.056,-0.192,-0.019
152467,-0.062,-0.193,-0.033
152500,-0.060,-0.161,-0.009
152528,-0.063,-0.188,0.007
152564,-0.069,-0.198,0.155
152582,-0.072,-0.314,0.002
152617,-0.066,-0.247,-0.048
152662,-0.055,-0.180,-0.040
152724,-0.061,-0.196,0.000
152760,-0.077,-0.132,-0.156
152797,-0.062,-0.184,-0.009
152868,-0.062,-0.187,0.012
152902,-0.041,-0.016,-0.259
152948,-0.069,-0.184,0.045
152993,-0.068,-0.208,0.023
153026,-0.089,-0.386,0.096
153062,-0.062,-0.034,0.215
153106,-0.054,-0.426,-0.091
153124,-0.067,-0.189,0.020
153151,-0.046,-0.162,-0.022
153204,-0.063,-0.187,-0.009
153240,-0.046,-0.114,0.004
153277,-0.084,-0.181,0.022
153295,-0.063,-0.187,-0.013
153339,-0.068,-0.151,-0.050
153384,-0.066,-0.208,0.052
153400,-0.056,-0.173,0.013
153437,-0.061,-0.194,0.002
153473,-0.050,-0.158,-0.129
153507,-0.056,-0.081,0.075
153543,-0.050,-0.006,-0.140
153561,-0.038,-0.056,0.064
153589,-0.062,-0.218,0.035
153605,-0.038,-0.045,-0.301
153623,-0.066,-0.211,-0.029
153696,-0.051,-0.147,-0.002
153776,-0.065,-0.140,-0.156
153829,-0.066,-0.131,0.162
153865,-0.064,-0.193,0.034
153909,-0.061,-0.193,0.006
153936,-0.066,-0.213,0.003
153972,-0.062,-0.195,0.002
154013,-0.056,-0.154,0.127
154068,-0.064,-0.194,-0.027
154139,-0.061,-0.196,0.000
154166,-0.063,-0.196,-0.011
154184,-0.066,-0.197,-0.019
154228,-0.057,-0.129,-0.043
154282,-0.062,-0.189,-0.004
154308,-0.062,-0.190,-0.009
154344,-0.061,-0.190,-0.007
154380,-0.063,-0.182,-0.003
154415,-0.062,-0.160,-0.067
154460,-0.023,-0.016,-0.462
154497,-0.062,-0.209,-0.106
154521,-0.060,-0.205,0.003
154585,-0.089,-0.295,0.043
154665,-0.061,-0.184,-0.001
154709,-0.052,-0.015,-0.168
154736,-0.057,-0.178,0.003
154754,-0.052,-0.153,0.012
154790,-0.028,-0.100,0.047
154834,-0.081,-0.132,0.217
154852,-0.063,-0.208,-0.049
154914,-0.061,-0.192,-0.058
154932,-0.059,-0.168,0.049
154978,-0.060,-0.186,-0.001
154996,-0.065,-0.199,0.023
155083,-0.062,-0.189,0.006
155092,-0.056,-0.194,0.033
155109,-0.014,-0.088,-0.384
155118,-0.034,-0.025,0.173
155127,-0.060,-0.176,-0.001
155136,-0.064,-0.219,-0.007
155145,-0.069,-0.237,-0.010
155154,-0.061,-0.191,-0.001
155243,5.034,19.074,-16.250
155261,0.688,2.816,-2.144
155289,-0.365,-3.040,4.061
155314,0.242,-0.065,1.444
155350,0.553,2.116,-0.348
155403,-0.043,-0.179,-1.169
155458,-0.012,0.489,0.164
155494,0.030,-0.903,1.368
155528,0.373,1.163,-1.473
155546,-0.061,-0.183,-0.002
155591,-0.066,-0.176,-0.000
155662,-0.059,-0.185,0.006
155724,-0.046,-0.120,0.096
155760,-0.329,-1.132,1.107
155797,-0.038,-0.093,0.066
155840,-0.061,-0.154,-0.044
155911,-0.084,0.277,0.300
155957,-0.031,-0.049,0.035
156035,-0.052,-0.168,-0.007
156106,-0.007,-0.027,-0.231
156151,-0.062,-0.193,-0.003
156213,-0.065,-0.286,-0.095
156259,-0.037,-0.086,-0.143
156277,-0.050,-0.167,-0.044
156311,-0.080,-0.257,0.034
156357,-0.034,0.061,-0.068
156437,-0.065,-0.191,0.039
156473,-0.061,-0.178,0.043
156534,-0.097,-0.380,0.128
156589,-0.062,-0.091,-0.115
156623,-0.066,-0.190,-0.059
156669,-0.048,-0.155,-0.061
156712,-0.054,-0.085,0.340
156767,-0.082,-0.228,0.023
156801,0.072,0.006,-1.605
156927,-0.069,-0.183,0.048
157004,-0.053,-0.164,0.096
157031,-0.041,-0.095,-0.012
157086,-0.101,-0.192,1.103
157193,-0.042,-0.154,-0.102
157246,-0.085,0.204,2.000
157273,-0.066,-0.193,0.017
157317,-0.053,-0.119,-0.047
157362,-0.013,0.036,0.080
157424,-0.073,-0.275,-0.406
157451,-0.120,-0.331,-0.220
157497,-0.060,-0.171,-0.383
157530,-0.053,-0.125,0.018
157585,-0.055,-0.230,-0.309
157683,-0.056,-0.156,0.070
157736,-0.049,-0.094,0.047
157781,-0.062,-0.177,0.012
157834,0.420,2.327,-0.237
157898,-0.088,-0.954,0.962
157923,-0.096,-0.392,0.032
157969,-0.060,-0.187,-0.002
158010,-0.036,-0.087,-1.193
158065,-0.048,-0.324,-0.135
158109,-0.098,-0.180,0.116
158136,-0.058,-0.175,-0.023
158181,0.065,0.110,-0.384
158243,-0.047,-0.035,-0.045
158314,0.035,0.398,-0.257
158396,-0.085,-1.117,0.655
158449,-0.055,-0.027,-0.001
158528,-0.090,-0.287,-0.364
158564,0.118,1.577,-0.111
158608,-0.062,-0.194,0.000
158653,0.324,1.096,-0.833
158699,0.099,-0.103,0.112
158733,-0.061,-0.188,-0.019
158779,-0.093,-0.282,0.265
158804,-0.033,0.043,-0.115
158859,-0.070,-0.171,0.059
158895,-0.045,-0.089,-0.103
158966,-0.016,0.028,-0.117
159035,-0.078,-0.210,0.062
159071,-0.051,-0.249,-0.375
159142,-0.062,-0.161,-0.026
159213,-0.063,-0.121,-0.124
159259,-0.053,-0.139,0.022
159339,-0.058,-0.120,0.091
159366,-0.067,-0.051,-0.100
159375,-0.067,-0.202,-0.007
159384,-0.272,-0.578,3.740
159393,-0.063,-0.358,-0.043
159400,-0.051,-0.129,0.030
159419,-0.079,-0.183,-0.084
159428,-0.055,-0.191,0.138
159437,0.060,0.337,-0.329
159446,-0.053,-0.166,0.187
159455,-0.061,-0.188,-0.015
159464,-0.061,-0.025,0.299
159473,-0.062,-0.255,0.029
159482,-0.062,-0.195,-0.004
159491,-0.060,-0.179,-0.098
159507,-0.063,-0.147,-0.066
159516,-0.086,-0.236,-0.250
159525,-0.066,-0.185,0.020
159614,0.550,4.406,6.053
159650,0.003,0.253,0.139
159687,-0.033,0.001,0.180
159730,-0.174,-0.430,1.032
159767,-0.079,-0.265,0.333
159785,-0.074,-0.176,-0.071
159847,-0.082,-0.168,0.151
159883,-0.038,-0.102,-0.220
159945,-0.056,-0.163,0.039
159963,-0.066,-0.218,-0.072
160047,-0.060,-0.187,-0.028
160092,-0.064,-0.208,-0.004
160127,-0.062,-0.211,0.139
160172,-0.050,-0.159,0.032
160225,-0.047,-0.101,0.009
160261,-0.047,-0.161,0.095
160305,-0.060,-0.187,-0.034
160323,-0.066,-0.170,-0.056
160387,-0.033,0.139,-0.192
160430,-0.089,-0.344,-0.061
160458,-0.061,-0.194,0.002
160476,-0.040,-0.132,0.040
160528,-0.062,-0.195,-0.007
160564,-0.043,-0.233,0.074
160617,-0.017,-0.048,0.374
160644,-0.014,-0.062,-0.789
160680,-0.058,-0.155,0.014
160724,-0.062,-0.402,0.633
160779,-0.125,-0.524,0.772
160831,-0.072,-0.246,-0.004
160877,-0.042,0.170,0.456
160911,-0.066,-0.328,-0.085
160993,-0.062,-0.198,0.026
161035,-0.170,-0.571,0.573
161053,-0.188,-0.388,1.111
161106,-0.059,-0.204,-0.027
161133,-0.061,-0.192,0.001
161151,-0.064,-0.172,-0.059
161179,-0.034,-0.187,0.506
161231,-0.070,-0.143,-0.122
161259,-0.046,-0.092,-0.061
161286,-0.144,-1.119,1.344
161302,-0.101,-0.396,0.383
161348,0.007,-0.097,-0.304
161384,-0.028,-0.043,-0.188
161464,-0.056,-0.190,-0.116
161482,-0.045,-0.150,-0.093
161525,-0.062,-0.195,0.004
161543,-0.061,-0.161,0.028
161552,-0.077,-0.215,-0.064
161561,-0.042,-0.140,-0.063
161794,0.309,2.083,0.975
161829,0.225,1.640,-0.277
161856,-0.006,0.057,0.142
161945,0.218,-0.332,-0.467
162014,-0.057,-0.189,0.054
162069,-0.063,-0.199,0.010
162149,-0.061,-0.194,0.000
162194,0.041,1.111,0.656
162327,-0.090,-0.238,0.252
162381,-0.061,-0.196,-0.006
162452,-0.050,-0.116,-0.063
162498,-0.063,-0.178,0.002
162559,-0.060,-0.182,0.012
162595,-0.059,-0.177,-0.002
162693,-0.058,-0.167,0.085
162791,-0.061,-0.194,0.001
162871,-0.062,-0.191,-0.006
162924,-0.058,-0.186,-0.003
163002,-0.056,-0.133,0.054
163057,-0.058,-0.165,0.059
163137,-0.071,-0.250,-0.049
163208,-0.057,-0.171,0.053
163253,-0.062,-0.194,0.003
163324,-0.061,-0.189,0.001
163379,-0.052,-0.194,-0.211
163486,-0.059,-0.173,0.008
163618,-0.046,-0.048,0.006
163681,-0.062,-0.181,0.005
163734,-0.075,-0.224,0.011
163789,-0.068,-0.226,0.060
163832,-0.031,0.036,0.077
163903,-0.062,-0.191,-0.003
163967,-0.061,-0.190,0.006
164062,-0.063,-0.186,-0.006
164133,-0.045,-0.111,-0.234
164197,-0.058,-0.185,-0.061
164277,-0.058,-0.181,0.005
164339,-0.065,-0.203,-0.039
164393,-0.039,-0.088,-0.018
164543,-0.063,-0.178,-0.051
164598,-0.066,-0.158,-0.099
164687,-0.075,-0.134,0.127
164749,-0.062,-0.162,-0.075
164829,-0.061,-0.195,0.001
164892,-0.052,-0.134,-0.035
164936,-0.057,-0.255,-0.110
164981,-0.025,0.001,-0.533
165069,-0.062,-0.166,-0.027
165130,-0.058,-0.181,0.006
165185,-0.061,-0.179,-0.001
165274,-0.043,-0.042,0.102
165336,-0.048,-0.166,-0.107
165416,-0.090,-0.326,0.218
165470,-0.072,-0.183,-0.011
165611,-0.057,-0.117,0.088
165719,-0.061,-0.190,-0.007
165817,-0.061,-0.186,-0.159
165899,-0.056,-0.139,-0.047
165979,-0.072,-0.284,-0.121
166057,-0.063,-0.192,-0.030
166137,-0.058,-0.173,0.009
166182,-0.047,-0.121,-0.014
166235,-0.057,-0.167,0.007
166315,-0.062,-0.193,0.004
166413,-0.059,-0.169,0.026
166529,-0.088,-0.258,0.099
166636,-0.051,-0.092,0.084
166672,-0.059,-0.169,0.050
166707,-0.064,-0.178,-0.012
166770,-0.063,-0.192,-0.008
166869,-0.062,-0.191,0.005
166985,-0.054,-0.152,0.024
167035,-0.067,-0.196,0.019
167071,-0.030,-0.136,0.078
167179,-0.050,-0.115,-0.055
167222,-0.061,-0.189,-0.005
167231,-0.062,-0.200,-0.003
167240,-0.061,-0.190,-0.009
167259,-0.054,-0.175,0.016
167268,-0.057,-0.259,-0.030
167277,-0.059,-0.161,-0.020
167286,-0.056,-0.171,0.014
167295,-0.056,-0.175,0.001
167302,-0.045,-0.049,0.004
167311,-0.062,-0.188,-0.006
167320,-0.057,-0.144,-0.023
167473,1.651,5.976,-2.161
167641,-0.026,-0.246,0.297
167696,-0.039,-0.261,0.247
167794,-0.004,0.141,-0.279
167909,0.022,-0.573,0.131
167981,0.112,0.557,-1.197
168041,-0.008,0.292,-0.529
168130,-0.072,-0.074,-0.035
168229,-0.070,-0.266,0.018
168309,-0.068,-0.251,0.012
168372,0.001,0.341,0.074
168452,-0.061,-0.102,0.116
168559,-0.038,-0.014,-0.036
168602,-0.081,-0.324,-0.037
168675,-0.074,-0.210,-0.057
168755,-0.054,-0.150,-0.024
168791,-0.048,-0.042,-0.804
168880,-0.084,-0.261,1.556
168960,-0.043,-0.248,0.150
169039,-0.062,-0.141,-0.015
169119,-0.052,-0.163,-0.105
169182,-0.064,-0.156,-0.044
169253,-0.050,-0.169,-0.017
169306,-0.061,-0.156,-0.057
169351,-0.079,-0.468,-0.019
169404,-0.084,-0.301,0.169
169547,-0.057,-0.192,-0.006
169583,-0.059,-0.179,-0.039
169681,-0.067,-0.187,-0.087
169896,-0.165,-0.195,0.438
169994,-0.051,-0.125,-0.148
170097,-0.060,-0.180,-0.074
170168,-0.062,-0.189,0.005
170220,-0.036,-0.260,-0.040
170346,-0.061,-0.177,-0.063
170444,-0.062,-0.193,-0.022
170514,-0.063,-0.148,0.006
170612,-0.058,-0.156,-0.001
170685,-0.061,-0.186,-0.015
170792,-0.048,-0.084,-0.004
170872,-0.063,-0.297,0.044
170952,-0.055,-0.204,-0.185
171021,0.007,0.259,-0.266
171067,-0.067,-0.174,-0.062
171101,-0.046,0.522,0.392
171209,-0.060,-0.169,-0.010
171272,-0.045,-0.033,-0.171
171325,-0.000,0.237,0.454
171469,-0.066,-0.214,-0.030
171539,-0.056,-0.179,-0.105
171628,-0.069,-0.140,0.103
171806,-0.059,-0.154,0.131
171879,-0.053,-0.098,-0.084
171931,-0.055,-0.149,0.024
171995,-0.062,-0.182,0.061
172082,0.048,-0.317,-2.533
172153,-0.037,-0.040,-0.038
172279,-0.028,-0.023,0.047
172340,-0.070,-0.153,-0.130
172377,-0.057,-0.142,-0.016
172457,-0.053,-0.140,-0.335
172509,-0.051,-0.138,-0.168
172581,-0.062,-0.173,-0.038
172698,-0.060,-0.192,-0.026
172812,-0.047,-0.125,0.025
172894,-0.025,0.178,-0.025
172947,-0.059,-0.216,-0.024
172992,-0.063,-0.184,-0.012
173061,-0.039,-0.076,-0.270
173132,-0.058,-0.180,0.005
173230,-0.045,-0.115,0.247
173374,-0.050,-0.088,-0.181
173533,-0.044,-0.049,0.120
173597,-0.026,-0.070,-0.065
173686,-0.057,-0.118,0.099
173748,-0.057,-0.223,-0.314
173793,-0.053,-0.131,0.117
173855,-0.061,-0.187,0.010
173935,-0.066,-0.147,0.011
174021,0.008,0.052,0.072
174085,-0.043,-0.082,0.148
174156,0.027,0.091,-0.018
174218,-0.064,-0.118,0.233
174254,-0.035,0.355,-0.501
174290,-0.060,-0.186,-0.007
174496,-0.047,-0.102,-0.048
174502,-0.052,-0.130,-0.003
174511,-0.060,-0.178,0.021
174520,-0.057,-0.162,-0.006
174744,1.234,4.109,-0.511
174780,-0.377,-0.295,2.338
174824,-0.108,-0.091,0.289
174860,-0.113,-0.682,-0.335
174922,-0.037,-0.083,-0.683
175019,-0.026,0.144,-0.055
175055,-0.090,-0.167,0.854
175126,-0.045,-0.087,-0.068
175206,-0.058,-0.170,-0.029
175224,-0.060,-0.180,-0.003
175260,-0.061,-0.193,0.000
175368,-0.067,-0.176,0.095
175439,-0.032,-0.075,-0.087
175466,-0.018,0.078,-0.177
175509,-0.061,-0.186,-0.009
175590,-0.065,-0.154,-0.172
175670,-0.038,-0.120,-0.139
175732,-0.057,-0.182,0.047
175787,-0.062,-0.193,0.008
175885,-0.062,-0.645,-0.020
175938,-0.094,-0.304,0.298
175983,-0.027,0.046,-0.192
176150,-0.062,-0.170,-0.005
176212,-0.064,-0.142,0.005
176301,-0.062,-0.113,-0.023
176338,-0.063,-0.213,-0.004
176445,-0.056,-0.198,-0.242
176506,-0.047,-0.141,-0.065
176551,-0.061,-0.191,0.011
176613,0.009,0.208,-0.587
176686,-0.049,-0.158,0.036
176748,-0.048,-0.179,-0.043
176793,-0.078,-0.265,0.180
176855,0.002,0.144,-0.660
176891,-0.039,-0.043,-0.095
176944,0.033,0.458,-0.286
177003,-0.020,0.016,0.085
177101,-0.009,0.130,-0.256
177236,-0.066,-0.171,0.142
177263,-0.059,-0.179,-0.010
177352,-0.071,-1.336,-0.306
177405,-0.054,-0.140,-0.026
177469,0.013,0.316,-0.279
177557,-0.045,-0.081,0.017
177600,-0.065,-0.196,-0.011
177655,-0.061,-0.167,-0.034
177726,-0.068,-0.241,0.014
177762,-0.063,-0.201,0.012
177799,-0.058,-0.029,-0.230
177842,-0.231,-1.209,-0.262
177879,-0.061,-0.124,-0.071
177986,-0.058,-0.156,0.010
178046,-0.062,-0.185,0.028
178117,-0.017,0.168,-0.096
178180,-0.093,-0.295,0.119
178279,-0.056,-0.170,-0.078
178313,-0.046,-0.113,-0.086
178377,-0.057,-0.185,-0.065
178475,-0.055,-0.148,-0.025
178545,-0.055,-0.128,-0.050
178607,-0.002,0.125,-0.086
178689,-0.011,0.131,0.067
178750,-0.056,-0.157,-0.024
178821,-0.051,-0.006,0.205
178885,-0.043,-0.105,0.087
178894,-0.053,-0.171,0.018
178901,-0.064,-0.149,-0.075
178910,-0.062,-0.162,-0.037
178929,-0.047,-0.115,0.160
178938,-0.058,-0.204,0.061
178947,-0.063,-0.188,-0.025
178956,-0.056,-0.168,-0.018
178965,-0.055,-0.158,-0.038
179132,54.214,-14.541,-0.174
179221,1.412,3.148,-3.374
179249,0.536,3.440,-0.831
179285,0.302,0.376,2.097
179310,0.651,4.000,1.058
179347,-0.226,0.619,3.137
179383,0.276,1.365,0.894
179409,0.211,0.898,-0.716
179463,0.289,-3.028,3.532
179481,0.970,0.910,-0.167
179515,0.748,2.466,1.484
179533,0.697,0.816,-3.992
179551,2.037,-0.232,0.960
179588,-0.079,0.009,0.876
179604,-0.061,-0.198,0.007
179613,-0.051,-0.137,-0.060
179622,-0.039,-0.059,-0.158
179631,-0.057,-0.166,0.000
179640,-0.051,-0.141,-0.552
179659,-0.047,-0.061,0.103
179677,-0.067,-0.266,-0.043
179686,-0.029,-0.078,0.080
179695,-0.061,-0.195,-0.011
179702,-0.062,-0.151,0.035
179711,-0.061,-0.169,-0.037
179720,-0.065,-0.252,0.036
179739,-0.060,-0.112,-0.086
179748,-0.040,-0.059,-0.023
179757,-0.075,-0.170,0.086
179766,-0.060,-0.175,0.002
179775,-0.064,-0.054,-0.231
179784,-0.057,-0.157,-0.131
179793,-0.062,-0.191,0.006
179800,-0.055,-0.171,-0.132
179819,-0.139,-0.509,0.236
179828,-0.055,-0.081,0.101
179837,-0.063,-0.183,-0.033
179846,-0.047,0.087,0.327
179855,-0.063,-0.198,-0.000
179864,-0.011,0.054,-0.072
179873,-0.062,-0.167,0.059
179882,-0.063,-0.192,0.049
179891,-0.049,-0.124,-0.066
179908,-0.055,-0.217,-0.235
179917,-0.035,-0.154,-0.094
179926,-0.062,-0.186,0.004
179935,-0.072,-0.137,0.005
179944,-0.053,-0.148,-0.019
179953,-0.078,-0.193,0.092
179962,-0.062,-0.187,-0.022
179971,-0.063,-0.195,0.006
179980,-0.065,-0.188,0.061
179999,-0.060,-0.189,0.003
180000,-0.062,-0.091,-0.091
180019,-0.065,-0.191,0.003
180028,-0.058,-0.175,-0.002
180037,-0.058,-0.167,0.006
180046,-0.059,-0.200,-0.035
180055,-0.007,-0.083,-0.070
180064,-0.061,-0.194,-0.001
180091,-0.062,-0.177,-0.010
